Tweet_ID,Name,Hashtag_ID
1121578341947940864,debaucheryhouse,1121578341947940864debaucheryhouse
1121578284268048384,PeelProud,1121578284268048384PeelProud
1121578339158896640,miami,1121578339158896640miami
1121578340744298496,HandsAcrossChicago,1121578340744298496HandsAcrossChicago
1121578340173930496,JeopardyJames,1121578340173930496JeopardyJames
1121578337384615936,MomentofLift,1121578337384615936MomentofLift
1121578022694477829,magic1073sc,1121578022694477829magic1073sc
1121578315154767872,Nirvana,1121578315154767872Nirvana
1121578258447966209,NOLA,1121578258447966209NOLA
1121578301095542784,Sooners,1121578301095542784Sooners
1121578225317097473,Sooners,1121578225317097473Sooners
1121574876374945792,Mensfashion,1121574876374945792Mensfashion
1121578347220426752,Saints,1121578347220426752Saints
1121567486992945152,roadtrip,1121567486992945152roadtrip
1121577718414319616,Anchorage,1121577718414319616Anchorage
1121550303478702081,nOwOrdscOuldpOssiblyexplain,1121550303478702081nOwOrdscOuldpOssiblyexplain
1121577191232430080,49ers,112157719123243008049ers
1121575131766243328,49ers,112157513176624332849ers
