Forecast Id,City id,Date,Temp(C),Minimum Temperature(C),Maximum Temperature(C),Weather Condition,Pressure(hPa),Humidity(%),Cloudiness(%),Wind(miles/hr)
wea1,boston,2019-04-26 00:00:00,7.18,7.18,12.12,broken clouds,1014.08,62,65,4.54111
wea2,boston,2019-04-26 03:00:00,5.23,5.23,8.93,broken clouds,1014.93,75,57,5.32406
wea3,boston,2019-04-26 06:00:00,4.72,4.72,7.19,broken clouds,1014.25,80,71,4.004230000000001
wea4,boston,2019-04-26 09:00:00,6.62,6.62,7.85,overcast clouds,1012.97,79,93,3.28839
wea5,boston,2019-04-26 12:00:00,7.95,7.95,7.95,light rain,1011.94,91,97,5.72672
wea6,boston,2019-04-26 15:00:00,8.62,8.62,8.62,moderate rain,1009.2,92,100,9.48488
wea7,boston,2019-04-26 18:00:00,10.05,10.05,10.05,light rain,1005.8,94,100,8.187420000000001
wea8,boston,2019-04-26 21:00:00,11.25,11.25,11.25,light rain,1001.99,95,100,7.270250000000001
wea9,boston,2019-04-27 00:00:00,13.79,13.79,13.79,light rain,998.42,98,100,7.00181
wea10,boston,2019-04-27 03:00:00,15.65,15.65,15.65,light rain,993.89,93,100,11.11789
wea11,boston,2019-04-27 06:00:00,14.86,14.86,14.86,light rain,991.11,95,100,7.762390000000001
wea12,boston,2019-04-27 09:00:00,10.55,10.55,10.55,light rain,990.0,89,100,8.07557
wea13,boston,2019-04-27 12:00:00,10.05,10.05,10.05,overcast clouds,990.02,85,100,8.43349
wea14,boston,2019-04-27 15:00:00,12.66,12.66,12.66,light rain,992.42,62,88,12.392980000000001
wea15,boston,2019-04-27 18:00:00,12.86,12.86,12.86,light rain,993.85,57,92,11.654770000000001
wea16,boston,2019-04-27 21:00:00,12.37,12.37,12.37,light rain,995.66,52,92,12.840380000000001
wea17,boston,2019-04-28 00:00:00,7.03,7.03,7.03,light rain,999.77,64,86,8.59008
wea18,boston,2019-04-28 03:00:00,5.55,5.55,5.55,broken clouds,1003.01,66,77,9.73095
wea19,boston,2019-04-28 06:00:00,5.71,5.71,5.71,broken clouds,1005.01,70,66,10.20072
wea20,boston,2019-04-28 09:00:00,4.81,4.81,4.81,few clouds,1007.12,72,24,9.05985
wea21,boston,2019-04-28 12:00:00,7.05,7.05,7.05,few clouds,1009.36,59,12,9.08222
wea22,boston,2019-04-28 15:00:00,12.48,12.48,12.48,clear sky,1010.52,43,0,7.807130000000001
wea23,boston,2019-04-28 18:00:00,10.55,10.55,10.55,light rain,1011.18,59,50,9.194070000000002
wea24,boston,2019-04-28 21:00:00,11.58,11.58,11.58,overcast clouds,1010.77,55,87,7.04655
wea25,boston,2019-04-29 00:00:00,6.58,6.58,6.58,light rain,1014.2,85,91,7.538690000000001
wea26,boston,2019-04-29 03:00:00,4.21,4.21,4.21,light rain,1018.56,77,98,11.36396
wea27,boston,2019-04-29 06:00:00,1.87,1.87,1.87,scattered clouds,1021.71,75,49,9.64147
wea28,boston,2019-04-29 09:00:00,0.15,0.15,0.15,clear sky,1024.83,75,0,6.35308
wea29,boston,2019-04-29 12:00:00,3.44,3.44,3.44,clear sky,1028.55,51,0,11.610030000000002
wea30,boston,2019-04-29 15:00:00,9.25,9.25,9.25,clear sky,1028.65,28,0,10.334940000000001
wea31,boston,2019-04-29 18:00:00,13.26,13.26,13.26,few clouds,1027.52,23,21,9.26118
wea32,boston,2019-04-29 21:00:00,13.65,13.65,13.65,overcast clouds,1027.5,26,100,7.51632
wea33,boston,2019-04-30 00:00:00,9.03,9.03,9.03,overcast clouds,1028.66,39,100,2.70677
wea34,boston,2019-04-30 03:00:00,8.05,8.05,8.05,overcast clouds,1029.19,40,100,2.25937
wea35,boston,2019-04-30 06:00:00,7.45,7.45,7.45,overcast clouds,1029.05,43,100,2.63966
wea36,boston,2019-04-30 09:00:00,5.75,5.75,5.75,overcast clouds,1027.86,57,100,2.72914
wea37,boston,2019-04-30 12:00:00,7.51,7.51,7.51,overcast clouds,1027.06,59,99,5.033250000000001
wea38,boston,2019-04-30 15:00:00,6.05,6.05,6.05,light rain,1024.39,89,100,5.70435
wea39,boston,2019-04-30 18:00:00,9.64,9.64,9.64,light rain,1021.01,91,100,7.33736
wea40,boston,2019-04-30 21:00:00,13.06,13.06,13.06,light rain,1019.25,91,100,1.96856
wea41,newyorkcity,2019-04-26 00:00:00,7.2,7.2,12.12,broken clouds,1014.08,62,65,4.54111
wea42,newyorkcity,2019-04-26 03:00:00,5.24,5.24,8.93,broken clouds,1014.93,75,57,5.32406
wea43,newyorkcity,2019-04-26 06:00:00,4.73,4.73,7.19,broken clouds,1014.25,80,71,4.004230000000001
wea44,newyorkcity,2019-04-26 09:00:00,6.62,6.62,7.85,overcast clouds,1012.97,79,93,3.28839
wea45,newyorkcity,2019-04-26 12:00:00,7.95,7.95,7.95,light rain,1011.94,91,97,5.72672
wea46,newyorkcity,2019-04-26 15:00:00,8.62,8.62,8.62,moderate rain,1009.2,92,100,9.48488
wea47,newyorkcity,2019-04-26 18:00:00,10.05,10.05,10.05,light rain,1005.8,94,100,8.187420000000001
wea48,newyorkcity,2019-04-26 21:00:00,11.25,11.25,11.25,light rain,1001.99,95,100,7.270250000000001
wea49,newyorkcity,2019-04-27 00:00:00,13.79,13.79,13.79,light rain,998.42,98,100,7.00181
wea50,newyorkcity,2019-04-27 03:00:00,15.65,15.65,15.65,light rain,993.89,93,100,11.11789
wea51,newyorkcity,2019-04-27 06:00:00,14.86,14.86,14.86,light rain,991.11,95,100,7.762390000000001
wea52,newyorkcity,2019-04-27 09:00:00,10.55,10.55,10.55,light rain,990.0,89,100,8.07557
wea53,newyorkcity,2019-04-27 12:00:00,10.05,10.05,10.05,overcast clouds,990.02,85,100,8.43349
wea54,newyorkcity,2019-04-27 15:00:00,12.66,12.66,12.66,light rain,992.42,62,88,12.392980000000001
wea55,newyorkcity,2019-04-27 18:00:00,12.86,12.86,12.86,light rain,993.85,57,92,11.654770000000001
wea56,newyorkcity,2019-04-27 21:00:00,12.37,12.37,12.37,light rain,995.66,52,92,12.840380000000001
wea57,newyorkcity,2019-04-28 00:00:00,7.03,7.03,7.03,light rain,999.77,64,86,8.59008
wea58,newyorkcity,2019-04-28 03:00:00,5.55,5.55,5.55,broken clouds,1003.01,66,77,9.73095
wea59,newyorkcity,2019-04-28 06:00:00,5.71,5.71,5.71,broken clouds,1005.01,70,66,10.20072
wea60,newyorkcity,2019-04-28 09:00:00,4.81,4.81,4.81,few clouds,1007.12,72,24,9.05985
wea61,newyorkcity,2019-04-28 12:00:00,7.05,7.05,7.05,few clouds,1009.36,59,12,9.08222
wea62,newyorkcity,2019-04-28 15:00:00,12.48,12.48,12.48,clear sky,1010.52,43,0,7.807130000000001
wea63,newyorkcity,2019-04-28 18:00:00,10.55,10.55,10.55,light rain,1011.18,59,50,9.194070000000002
wea64,newyorkcity,2019-04-28 21:00:00,11.58,11.58,11.58,overcast clouds,1010.77,55,87,7.04655
wea65,newyorkcity,2019-04-29 00:00:00,6.58,6.58,6.58,light rain,1014.2,85,91,7.538690000000001
wea66,newyorkcity,2019-04-29 03:00:00,4.21,4.21,4.21,light rain,1018.56,77,98,11.36396
wea67,newyorkcity,2019-04-29 06:00:00,1.87,1.87,1.87,scattered clouds,1021.71,75,49,9.64147
wea68,newyorkcity,2019-04-29 09:00:00,0.15,0.15,0.15,clear sky,1024.83,75,0,6.35308
wea69,newyorkcity,2019-04-29 12:00:00,3.44,3.44,3.44,clear sky,1028.55,51,0,11.610030000000002
wea70,newyorkcity,2019-04-29 15:00:00,9.25,9.25,9.25,clear sky,1028.65,28,0,10.334940000000001
wea71,newyorkcity,2019-04-29 18:00:00,13.26,13.26,13.26,few clouds,1027.52,23,21,9.26118
wea72,newyorkcity,2019-04-29 21:00:00,13.65,13.65,13.65,overcast clouds,1027.5,26,100,7.51632
wea73,newyorkcity,2019-04-30 00:00:00,9.03,9.03,9.03,overcast clouds,1028.66,39,100,2.70677
wea74,newyorkcity,2019-04-30 03:00:00,8.05,8.05,8.05,overcast clouds,1029.19,40,100,2.25937
wea75,newyorkcity,2019-04-30 06:00:00,7.45,7.45,7.45,overcast clouds,1029.05,43,100,2.63966
wea76,newyorkcity,2019-04-30 09:00:00,5.75,5.75,5.75,overcast clouds,1027.86,57,100,2.72914
wea77,newyorkcity,2019-04-30 12:00:00,7.51,7.51,7.51,overcast clouds,1027.06,59,99,5.033250000000001
wea78,newyorkcity,2019-04-30 15:00:00,6.05,6.05,6.05,light rain,1024.39,89,100,5.70435
wea79,newyorkcity,2019-04-30 18:00:00,9.64,9.64,9.64,light rain,1021.01,91,100,7.33736
wea80,newyorkcity,2019-04-30 21:00:00,13.06,13.06,13.06,light rain,1019.25,91,100,1.96856
wea81,miami,2019-04-26 00:00:00,7.14,7.14,12.12,broken clouds,1014.08,62,65,4.54111
wea82,miami,2019-04-26 03:00:00,5.2,5.2,8.93,broken clouds,1014.93,75,57,5.32406
wea83,miami,2019-04-26 06:00:00,4.7,4.7,7.19,broken clouds,1014.25,80,71,4.004230000000001
wea84,miami,2019-04-26 09:00:00,6.61,6.61,7.85,overcast clouds,1012.97,79,93,3.28839
wea85,miami,2019-04-26 12:00:00,7.95,7.95,7.95,light rain,1011.94,91,97,5.72672
wea86,miami,2019-04-26 15:00:00,8.62,8.62,8.62,moderate rain,1009.2,92,100,9.48488
wea87,miami,2019-04-26 18:00:00,10.05,10.05,10.05,light rain,1005.8,94,100,8.187420000000001
wea88,miami,2019-04-26 21:00:00,11.25,11.25,11.25,light rain,1001.99,95,100,7.270250000000001
wea89,miami,2019-04-27 00:00:00,13.79,13.79,13.79,light rain,998.42,98,100,7.00181
wea90,miami,2019-04-27 03:00:00,15.65,15.65,15.65,light rain,993.89,93,100,11.11789
wea91,miami,2019-04-27 06:00:00,14.86,14.86,14.86,light rain,991.11,95,100,7.762390000000001
wea92,miami,2019-04-27 09:00:00,10.55,10.55,10.55,light rain,990.0,89,100,8.07557
wea93,miami,2019-04-27 12:00:00,10.05,10.05,10.05,overcast clouds,990.02,85,100,8.43349
wea94,miami,2019-04-27 15:00:00,12.66,12.66,12.66,light rain,992.42,62,88,12.392980000000001
wea95,miami,2019-04-27 18:00:00,12.86,12.86,12.86,light rain,993.85,57,92,11.654770000000001
wea96,miami,2019-04-27 21:00:00,12.37,12.37,12.37,light rain,995.66,52,92,12.840380000000001
wea97,miami,2019-04-28 00:00:00,7.03,7.03,7.03,light rain,999.77,64,86,8.59008
wea98,miami,2019-04-28 03:00:00,5.55,5.55,5.55,broken clouds,1003.01,66,77,9.73095
wea99,miami,2019-04-28 06:00:00,5.71,5.71,5.71,broken clouds,1005.01,70,66,10.20072
wea100,miami,2019-04-28 09:00:00,4.81,4.81,4.81,few clouds,1007.12,72,24,9.05985
wea101,miami,2019-04-28 12:00:00,7.05,7.05,7.05,few clouds,1009.36,59,12,9.08222
wea102,miami,2019-04-28 15:00:00,12.48,12.48,12.48,clear sky,1010.52,43,0,7.807130000000001
wea103,miami,2019-04-28 18:00:00,10.55,10.55,10.55,light rain,1011.18,59,50,9.194070000000002
wea104,miami,2019-04-28 21:00:00,11.58,11.58,11.58,overcast clouds,1010.77,55,87,7.04655
wea105,miami,2019-04-29 00:00:00,6.58,6.58,6.58,light rain,1014.2,85,91,7.538690000000001
wea106,miami,2019-04-29 03:00:00,4.21,4.21,4.21,light rain,1018.56,77,98,11.36396
wea107,miami,2019-04-29 06:00:00,1.87,1.87,1.87,scattered clouds,1021.71,75,49,9.64147
wea108,miami,2019-04-29 09:00:00,0.15,0.15,0.15,clear sky,1024.83,75,0,6.35308
wea109,miami,2019-04-29 12:00:00,3.44,3.44,3.44,clear sky,1028.55,51,0,11.610030000000002
wea110,miami,2019-04-29 15:00:00,9.25,9.25,9.25,clear sky,1028.65,28,0,10.334940000000001
wea111,miami,2019-04-29 18:00:00,13.26,13.26,13.26,few clouds,1027.52,23,21,9.26118
wea112,miami,2019-04-29 21:00:00,13.65,13.65,13.65,overcast clouds,1027.5,26,100,7.51632
wea113,miami,2019-04-30 00:00:00,9.03,9.03,9.03,overcast clouds,1028.66,39,100,2.70677
wea114,miami,2019-04-30 03:00:00,8.05,8.05,8.05,overcast clouds,1029.19,40,100,2.25937
wea115,miami,2019-04-30 06:00:00,7.45,7.45,7.45,overcast clouds,1029.05,43,100,2.63966
wea116,miami,2019-04-30 09:00:00,5.75,5.75,5.75,overcast clouds,1027.86,57,100,2.72914
wea117,miami,2019-04-30 12:00:00,7.51,7.51,7.51,overcast clouds,1027.06,59,99,5.033250000000001
wea118,miami,2019-04-30 15:00:00,6.05,6.05,6.05,light rain,1024.39,89,100,5.70435
wea119,miami,2019-04-30 18:00:00,9.64,9.64,9.64,light rain,1021.01,91,100,7.33736
wea120,miami,2019-04-30 21:00:00,13.06,13.06,13.06,light rain,1019.25,91,100,1.96856
wea121,chicago,2019-04-26 00:00:00,7.18,7.18,12.12,broken clouds,1014.08,62,65,4.54111
wea122,chicago,2019-04-26 03:00:00,5.23,5.23,8.93,broken clouds,1014.93,75,57,5.32406
wea123,chicago,2019-04-26 06:00:00,4.72,4.72,7.19,broken clouds,1014.25,80,71,4.004230000000001
wea124,chicago,2019-04-26 09:00:00,6.62,6.62,7.85,overcast clouds,1012.97,79,93,3.28839
wea125,chicago,2019-04-26 12:00:00,7.95,7.95,7.95,light rain,1011.94,91,97,5.72672
wea126,chicago,2019-04-26 15:00:00,8.62,8.62,8.62,moderate rain,1009.2,92,100,9.48488
wea127,chicago,2019-04-26 18:00:00,10.05,10.05,10.05,light rain,1005.8,94,100,8.187420000000001
wea128,chicago,2019-04-26 21:00:00,11.25,11.25,11.25,light rain,1001.99,95,100,7.270250000000001
wea129,chicago,2019-04-27 00:00:00,13.79,13.79,13.79,light rain,998.42,98,100,7.00181
wea130,chicago,2019-04-27 03:00:00,15.65,15.65,15.65,light rain,993.89,93,100,11.11789
wea131,chicago,2019-04-27 06:00:00,14.86,14.86,14.86,light rain,991.11,95,100,7.762390000000001
wea132,chicago,2019-04-27 09:00:00,10.55,10.55,10.55,light rain,990.0,89,100,8.07557
wea133,chicago,2019-04-27 12:00:00,10.05,10.05,10.05,overcast clouds,990.02,85,100,8.43349
wea134,chicago,2019-04-27 15:00:00,12.66,12.66,12.66,light rain,992.42,62,88,12.392980000000001
wea135,chicago,2019-04-27 18:00:00,12.86,12.86,12.86,light rain,993.85,57,92,11.654770000000001
wea136,chicago,2019-04-27 21:00:00,12.37,12.37,12.37,light rain,995.66,52,92,12.840380000000001
wea137,chicago,2019-04-28 00:00:00,7.03,7.03,7.03,light rain,999.77,64,86,8.59008
wea138,chicago,2019-04-28 03:00:00,5.55,5.55,5.55,broken clouds,1003.01,66,77,9.73095
wea139,chicago,2019-04-28 06:00:00,5.71,5.71,5.71,broken clouds,1005.01,70,66,10.20072
wea140,chicago,2019-04-28 09:00:00,4.81,4.81,4.81,few clouds,1007.12,72,24,9.05985
wea141,chicago,2019-04-28 12:00:00,7.05,7.05,7.05,few clouds,1009.36,59,12,9.08222
wea142,chicago,2019-04-28 15:00:00,12.48,12.48,12.48,clear sky,1010.52,43,0,7.807130000000001
wea143,chicago,2019-04-28 18:00:00,10.55,10.55,10.55,light rain,1011.18,59,50,9.194070000000002
wea144,chicago,2019-04-28 21:00:00,11.58,11.58,11.58,overcast clouds,1010.77,55,87,7.04655
wea145,chicago,2019-04-29 00:00:00,6.58,6.58,6.58,light rain,1014.2,85,91,7.538690000000001
wea146,chicago,2019-04-29 03:00:00,4.21,4.21,4.21,light rain,1018.56,77,98,11.36396
wea147,chicago,2019-04-29 06:00:00,1.87,1.87,1.87,scattered clouds,1021.71,75,49,9.64147
wea148,chicago,2019-04-29 09:00:00,0.15,0.15,0.15,clear sky,1024.83,75,0,6.35308
wea149,chicago,2019-04-29 12:00:00,3.44,3.44,3.44,clear sky,1028.55,51,0,11.610030000000002
wea150,chicago,2019-04-29 15:00:00,9.25,9.25,9.25,clear sky,1028.65,28,0,10.334940000000001
wea151,chicago,2019-04-29 18:00:00,13.26,13.26,13.26,few clouds,1027.52,23,21,9.26118
wea152,chicago,2019-04-29 21:00:00,13.65,13.65,13.65,overcast clouds,1027.5,26,100,7.51632
wea153,chicago,2019-04-30 00:00:00,9.03,9.03,9.03,overcast clouds,1028.66,39,100,2.70677
wea154,chicago,2019-04-30 03:00:00,8.05,8.05,8.05,overcast clouds,1029.19,40,100,2.25937
wea155,chicago,2019-04-30 06:00:00,7.45,7.45,7.45,overcast clouds,1029.05,43,100,2.63966
wea156,chicago,2019-04-30 09:00:00,5.75,5.75,5.75,overcast clouds,1027.86,57,100,2.72914
wea157,chicago,2019-04-30 12:00:00,7.51,7.51,7.51,overcast clouds,1027.06,59,99,5.033250000000001
wea158,chicago,2019-04-30 15:00:00,6.05,6.05,6.05,light rain,1024.39,89,100,5.70435
wea159,chicago,2019-04-30 18:00:00,9.64,9.64,9.64,light rain,1021.01,91,100,7.33736
wea160,chicago,2019-04-30 21:00:00,13.06,13.06,13.06,light rain,1019.25,91,100,1.96856
wea161,losangeles,2019-04-26 00:00:00,7.14,7.14,12.12,broken clouds,1014.08,62,65,4.54111
wea162,losangeles,2019-04-26 03:00:00,5.2,5.2,8.93,broken clouds,1014.93,75,57,5.32406
wea163,losangeles,2019-04-26 06:00:00,4.7,4.7,7.19,broken clouds,1014.25,80,71,4.004230000000001
wea164,losangeles,2019-04-26 09:00:00,6.61,6.61,7.85,overcast clouds,1012.97,79,93,3.28839
wea165,losangeles,2019-04-26 12:00:00,7.95,7.95,7.95,light rain,1011.94,91,97,5.72672
wea166,losangeles,2019-04-26 15:00:00,8.62,8.62,8.62,moderate rain,1009.2,92,100,9.48488
wea167,losangeles,2019-04-26 18:00:00,10.05,10.05,10.05,light rain,1005.8,94,100,8.187420000000001
wea168,losangeles,2019-04-26 21:00:00,11.25,11.25,11.25,light rain,1001.99,95,100,7.270250000000001
wea169,losangeles,2019-04-27 00:00:00,13.79,13.79,13.79,light rain,998.42,98,100,7.00181
wea170,losangeles,2019-04-27 03:00:00,15.65,15.65,15.65,light rain,993.89,93,100,11.11789
wea171,losangeles,2019-04-27 06:00:00,14.86,14.86,14.86,light rain,991.11,95,100,7.762390000000001
wea172,losangeles,2019-04-27 09:00:00,10.55,10.55,10.55,light rain,990.0,89,100,8.07557
wea173,losangeles,2019-04-27 12:00:00,10.05,10.05,10.05,overcast clouds,990.02,85,100,8.43349
wea174,losangeles,2019-04-27 15:00:00,12.66,12.66,12.66,light rain,992.42,62,88,12.392980000000001
wea175,losangeles,2019-04-27 18:00:00,12.86,12.86,12.86,light rain,993.85,57,92,11.654770000000001
wea176,losangeles,2019-04-27 21:00:00,12.37,12.37,12.37,light rain,995.66,52,92,12.840380000000001
wea177,losangeles,2019-04-28 00:00:00,7.03,7.03,7.03,light rain,999.77,64,86,8.59008
wea178,losangeles,2019-04-28 03:00:00,5.55,5.55,5.55,broken clouds,1003.01,66,77,9.73095
wea179,losangeles,2019-04-28 06:00:00,5.71,5.71,5.71,broken clouds,1005.01,70,66,10.20072
wea180,losangeles,2019-04-28 09:00:00,4.81,4.81,4.81,few clouds,1007.12,72,24,9.05985
wea181,losangeles,2019-04-28 12:00:00,7.05,7.05,7.05,few clouds,1009.36,59,12,9.08222
wea182,losangeles,2019-04-28 15:00:00,12.48,12.48,12.48,clear sky,1010.52,43,0,7.807130000000001
wea183,losangeles,2019-04-28 18:00:00,10.55,10.55,10.55,light rain,1011.18,59,50,9.194070000000002
wea184,losangeles,2019-04-28 21:00:00,11.58,11.58,11.58,overcast clouds,1010.77,55,87,7.04655
wea185,losangeles,2019-04-29 00:00:00,6.58,6.58,6.58,light rain,1014.2,85,91,7.538690000000001
wea186,losangeles,2019-04-29 03:00:00,4.21,4.21,4.21,light rain,1018.56,77,98,11.36396
wea187,losangeles,2019-04-29 06:00:00,1.87,1.87,1.87,scattered clouds,1021.71,75,49,9.64147
wea188,losangeles,2019-04-29 09:00:00,0.15,0.15,0.15,clear sky,1024.83,75,0,6.35308
wea189,losangeles,2019-04-29 12:00:00,3.44,3.44,3.44,clear sky,1028.55,51,0,11.610030000000002
wea190,losangeles,2019-04-29 15:00:00,9.25,9.25,9.25,clear sky,1028.65,28,0,10.334940000000001
wea191,losangeles,2019-04-29 18:00:00,13.26,13.26,13.26,few clouds,1027.52,23,21,9.26118
wea192,losangeles,2019-04-29 21:00:00,13.65,13.65,13.65,overcast clouds,1027.5,26,100,7.51632
wea193,losangeles,2019-04-30 00:00:00,9.03,9.03,9.03,overcast clouds,1028.66,39,100,2.70677
wea194,losangeles,2019-04-30 03:00:00,8.05,8.05,8.05,overcast clouds,1029.19,40,100,2.25937
wea195,losangeles,2019-04-30 06:00:00,7.45,7.45,7.45,overcast clouds,1029.05,43,100,2.63966
wea196,losangeles,2019-04-30 09:00:00,5.75,5.75,5.75,overcast clouds,1027.86,57,100,2.72914
wea197,losangeles,2019-04-30 12:00:00,7.51,7.51,7.51,overcast clouds,1027.06,59,99,5.033250000000001
wea198,losangeles,2019-04-30 15:00:00,6.05,6.05,6.05,light rain,1024.39,89,100,5.70435
wea199,losangeles,2019-04-30 18:00:00,9.64,9.64,9.64,light rain,1021.01,91,100,7.33736
wea200,losangeles,2019-04-30 21:00:00,13.06,13.06,13.06,light rain,1019.25,91,100,1.96856
wea201,lasvegas,2019-04-26 00:00:00,7.18,7.18,12.12,broken clouds,1014.08,62,65,4.54111
wea202,lasvegas,2019-04-26 03:00:00,5.23,5.23,8.93,broken clouds,1014.93,75,57,5.32406
wea203,lasvegas,2019-04-26 06:00:00,4.72,4.72,7.19,broken clouds,1014.25,80,71,4.004230000000001
wea204,lasvegas,2019-04-26 09:00:00,6.62,6.62,7.85,overcast clouds,1012.97,79,93,3.28839
wea205,lasvegas,2019-04-26 12:00:00,7.95,7.95,7.95,light rain,1011.94,91,97,5.72672
wea206,lasvegas,2019-04-26 15:00:00,8.62,8.62,8.62,moderate rain,1009.2,92,100,9.48488
wea207,lasvegas,2019-04-26 18:00:00,10.05,10.05,10.05,light rain,1005.8,94,100,8.187420000000001
wea208,lasvegas,2019-04-26 21:00:00,11.25,11.25,11.25,light rain,1001.99,95,100,7.270250000000001
wea209,lasvegas,2019-04-27 00:00:00,13.79,13.79,13.79,light rain,998.42,98,100,7.00181
wea210,lasvegas,2019-04-27 03:00:00,15.65,15.65,15.65,light rain,993.89,93,100,11.11789
wea211,lasvegas,2019-04-27 06:00:00,14.86,14.86,14.86,light rain,991.11,95,100,7.762390000000001
wea212,lasvegas,2019-04-27 09:00:00,10.55,10.55,10.55,light rain,990.0,89,100,8.07557
wea213,lasvegas,2019-04-27 12:00:00,10.05,10.05,10.05,overcast clouds,990.02,85,100,8.43349
wea214,lasvegas,2019-04-27 15:00:00,12.66,12.66,12.66,light rain,992.42,62,88,12.392980000000001
wea215,lasvegas,2019-04-27 18:00:00,12.86,12.86,12.86,light rain,993.85,57,92,11.654770000000001
wea216,lasvegas,2019-04-27 21:00:00,12.37,12.37,12.37,light rain,995.66,52,92,12.840380000000001
wea217,lasvegas,2019-04-28 00:00:00,7.03,7.03,7.03,light rain,999.77,64,86,8.59008
wea218,lasvegas,2019-04-28 03:00:00,5.55,5.55,5.55,broken clouds,1003.01,66,77,9.73095
wea219,lasvegas,2019-04-28 06:00:00,5.71,5.71,5.71,broken clouds,1005.01,70,66,10.20072
wea220,lasvegas,2019-04-28 09:00:00,4.81,4.81,4.81,few clouds,1007.12,72,24,9.05985
wea221,lasvegas,2019-04-28 12:00:00,7.05,7.05,7.05,few clouds,1009.36,59,12,9.08222
wea222,lasvegas,2019-04-28 15:00:00,12.48,12.48,12.48,clear sky,1010.52,43,0,7.807130000000001
wea223,lasvegas,2019-04-28 18:00:00,10.55,10.55,10.55,light rain,1011.18,59,50,9.194070000000002
wea224,lasvegas,2019-04-28 21:00:00,11.58,11.58,11.58,overcast clouds,1010.77,55,87,7.04655
wea225,lasvegas,2019-04-29 00:00:00,6.58,6.58,6.58,light rain,1014.2,85,91,7.538690000000001
wea226,lasvegas,2019-04-29 03:00:00,4.21,4.21,4.21,light rain,1018.56,77,98,11.36396
wea227,lasvegas,2019-04-29 06:00:00,1.87,1.87,1.87,scattered clouds,1021.71,75,49,9.64147
wea228,lasvegas,2019-04-29 09:00:00,0.15,0.15,0.15,clear sky,1024.83,75,0,6.35308
wea229,lasvegas,2019-04-29 12:00:00,3.44,3.44,3.44,clear sky,1028.55,51,0,11.610030000000002
wea230,lasvegas,2019-04-29 15:00:00,9.25,9.25,9.25,clear sky,1028.65,28,0,10.334940000000001
wea231,lasvegas,2019-04-29 18:00:00,13.26,13.26,13.26,few clouds,1027.52,23,21,9.26118
wea232,lasvegas,2019-04-29 21:00:00,13.65,13.65,13.65,overcast clouds,1027.5,26,100,7.51632
wea233,lasvegas,2019-04-30 00:00:00,9.03,9.03,9.03,overcast clouds,1028.66,39,100,2.70677
wea234,lasvegas,2019-04-30 03:00:00,8.05,8.05,8.05,overcast clouds,1029.19,40,100,2.25937
wea235,lasvegas,2019-04-30 06:00:00,7.45,7.45,7.45,overcast clouds,1029.05,43,100,2.63966
wea236,lasvegas,2019-04-30 09:00:00,5.75,5.75,5.75,overcast clouds,1027.86,57,100,2.72914
wea237,lasvegas,2019-04-30 12:00:00,7.51,7.51,7.51,overcast clouds,1027.06,59,99,5.033250000000001
wea238,lasvegas,2019-04-30 15:00:00,6.05,6.05,6.05,light rain,1024.39,89,100,5.70435
wea239,lasvegas,2019-04-30 18:00:00,9.64,9.64,9.64,light rain,1021.01,91,100,7.33736
wea240,lasvegas,2019-04-30 21:00:00,13.06,13.06,13.06,light rain,1019.25,91,100,1.96856
wea241,washingtondc,2019-04-26 00:00:00,7.14,7.14,12.12,broken clouds,1014.08,62,65,4.54111
wea242,washingtondc,2019-04-26 03:00:00,5.2,5.2,8.93,broken clouds,1014.93,75,57,5.32406
wea243,washingtondc,2019-04-26 06:00:00,4.7,4.7,7.19,broken clouds,1014.25,80,71,4.004230000000001
wea244,washingtondc,2019-04-26 09:00:00,6.61,6.61,7.85,overcast clouds,1012.97,79,93,3.28839
wea245,washingtondc,2019-04-26 12:00:00,7.95,7.95,7.95,light rain,1011.94,91,97,5.72672
wea246,washingtondc,2019-04-26 15:00:00,8.62,8.62,8.62,moderate rain,1009.2,92,100,9.48488
wea247,washingtondc,2019-04-26 18:00:00,10.05,10.05,10.05,light rain,1005.8,94,100,8.187420000000001
wea248,washingtondc,2019-04-26 21:00:00,11.25,11.25,11.25,light rain,1001.99,95,100,7.270250000000001
wea249,washingtondc,2019-04-27 00:00:00,13.79,13.79,13.79,light rain,998.42,98,100,7.00181
wea250,washingtondc,2019-04-27 03:00:00,15.65,15.65,15.65,light rain,993.89,93,100,11.11789
wea251,washingtondc,2019-04-27 06:00:00,14.86,14.86,14.86,light rain,991.11,95,100,7.762390000000001
wea252,washingtondc,2019-04-27 09:00:00,10.55,10.55,10.55,light rain,990.0,89,100,8.07557
wea253,washingtondc,2019-04-27 12:00:00,10.05,10.05,10.05,overcast clouds,990.02,85,100,8.43349
wea254,washingtondc,2019-04-27 15:00:00,12.66,12.66,12.66,light rain,992.42,62,88,12.392980000000001
wea255,washingtondc,2019-04-27 18:00:00,12.86,12.86,12.86,light rain,993.85,57,92,11.654770000000001
wea256,washingtondc,2019-04-27 21:00:00,12.37,12.37,12.37,light rain,995.66,52,92,12.840380000000001
wea257,washingtondc,2019-04-28 00:00:00,7.03,7.03,7.03,light rain,999.77,64,86,8.59008
wea258,washingtondc,2019-04-28 03:00:00,5.55,5.55,5.55,broken clouds,1003.01,66,77,9.73095
wea259,washingtondc,2019-04-28 06:00:00,5.71,5.71,5.71,broken clouds,1005.01,70,66,10.20072
wea260,washingtondc,2019-04-28 09:00:00,4.81,4.81,4.81,few clouds,1007.12,72,24,9.05985
wea261,washingtondc,2019-04-28 12:00:00,7.05,7.05,7.05,few clouds,1009.36,59,12,9.08222
wea262,washingtondc,2019-04-28 15:00:00,12.48,12.48,12.48,clear sky,1010.52,43,0,7.807130000000001
wea263,washingtondc,2019-04-28 18:00:00,10.55,10.55,10.55,light rain,1011.18,59,50,9.194070000000002
wea264,washingtondc,2019-04-28 21:00:00,11.58,11.58,11.58,overcast clouds,1010.77,55,87,7.04655
wea265,washingtondc,2019-04-29 00:00:00,6.58,6.58,6.58,light rain,1014.2,85,91,7.538690000000001
wea266,washingtondc,2019-04-29 03:00:00,4.21,4.21,4.21,light rain,1018.56,77,98,11.36396
wea267,washingtondc,2019-04-29 06:00:00,1.87,1.87,1.87,scattered clouds,1021.71,75,49,9.64147
wea268,washingtondc,2019-04-29 09:00:00,0.15,0.15,0.15,clear sky,1024.83,75,0,6.35308
wea269,washingtondc,2019-04-29 12:00:00,3.44,3.44,3.44,clear sky,1028.55,51,0,11.610030000000002
wea270,washingtondc,2019-04-29 15:00:00,9.25,9.25,9.25,clear sky,1028.65,28,0,10.334940000000001
wea271,washingtondc,2019-04-29 18:00:00,13.26,13.26,13.26,few clouds,1027.52,23,21,9.26118
wea272,washingtondc,2019-04-29 21:00:00,13.65,13.65,13.65,overcast clouds,1027.5,26,100,7.51632
wea273,washingtondc,2019-04-30 00:00:00,9.03,9.03,9.03,overcast clouds,1028.66,39,100,2.70677
wea274,washingtondc,2019-04-30 03:00:00,8.05,8.05,8.05,overcast clouds,1029.19,40,100,2.25937
wea275,washingtondc,2019-04-30 06:00:00,7.45,7.45,7.45,overcast clouds,1029.05,43,100,2.63966
wea276,washingtondc,2019-04-30 09:00:00,5.75,5.75,5.75,overcast clouds,1027.86,57,100,2.72914
wea277,washingtondc,2019-04-30 12:00:00,7.51,7.51,7.51,overcast clouds,1027.06,59,99,5.033250000000001
wea278,washingtondc,2019-04-30 15:00:00,6.05,6.05,6.05,light rain,1024.39,89,100,5.70435
wea279,washingtondc,2019-04-30 18:00:00,9.64,9.64,9.64,light rain,1021.01,91,100,7.33736
wea280,washingtondc,2019-04-30 21:00:00,13.06,13.06,13.06,light rain,1019.25,91,100,1.96856
wea281,denver,2019-04-26 00:00:00,7.18,7.18,12.12,broken clouds,1014.08,62,65,4.54111
wea282,denver,2019-04-26 03:00:00,5.23,5.23,8.93,broken clouds,1014.93,75,57,5.32406
wea283,denver,2019-04-26 06:00:00,4.72,4.72,7.19,broken clouds,1014.25,80,71,4.004230000000001
wea284,denver,2019-04-26 09:00:00,6.62,6.62,7.85,overcast clouds,1012.97,79,93,3.28839
wea285,denver,2019-04-26 12:00:00,7.95,7.95,7.95,light rain,1011.94,91,97,5.72672
wea286,denver,2019-04-26 15:00:00,8.62,8.62,8.62,moderate rain,1009.2,92,100,9.48488
wea287,denver,2019-04-26 18:00:00,10.05,10.05,10.05,light rain,1005.8,94,100,8.187420000000001
wea288,denver,2019-04-26 21:00:00,11.25,11.25,11.25,light rain,1001.99,95,100,7.270250000000001
wea289,denver,2019-04-27 00:00:00,13.79,13.79,13.79,light rain,998.42,98,100,7.00181
wea290,denver,2019-04-27 03:00:00,15.65,15.65,15.65,light rain,993.89,93,100,11.11789
wea291,denver,2019-04-27 06:00:00,14.86,14.86,14.86,light rain,991.11,95,100,7.762390000000001
wea292,denver,2019-04-27 09:00:00,10.55,10.55,10.55,light rain,990.0,89,100,8.07557
wea293,denver,2019-04-27 12:00:00,10.05,10.05,10.05,overcast clouds,990.02,85,100,8.43349
wea294,denver,2019-04-27 15:00:00,12.66,12.66,12.66,light rain,992.42,62,88,12.392980000000001
wea295,denver,2019-04-27 18:00:00,12.86,12.86,12.86,light rain,993.85,57,92,11.654770000000001
wea296,denver,2019-04-27 21:00:00,12.37,12.37,12.37,light rain,995.66,52,92,12.840380000000001
wea297,denver,2019-04-28 00:00:00,7.03,7.03,7.03,light rain,999.77,64,86,8.59008
wea298,denver,2019-04-28 03:00:00,5.55,5.55,5.55,broken clouds,1003.01,66,77,9.73095
wea299,denver,2019-04-28 06:00:00,5.71,5.71,5.71,broken clouds,1005.01,70,66,10.20072
wea300,denver,2019-04-28 09:00:00,4.81,4.81,4.81,few clouds,1007.12,72,24,9.05985
wea301,denver,2019-04-28 12:00:00,7.05,7.05,7.05,few clouds,1009.36,59,12,9.08222
wea302,denver,2019-04-28 15:00:00,12.48,12.48,12.48,clear sky,1010.52,43,0,7.807130000000001
wea303,denver,2019-04-28 18:00:00,10.55,10.55,10.55,light rain,1011.18,59,50,9.194070000000002
wea304,denver,2019-04-28 21:00:00,11.58,11.58,11.58,overcast clouds,1010.77,55,87,7.04655
wea305,denver,2019-04-29 00:00:00,6.58,6.58,6.58,light rain,1014.2,85,91,7.538690000000001
wea306,denver,2019-04-29 03:00:00,4.21,4.21,4.21,light rain,1018.56,77,98,11.36396
wea307,denver,2019-04-29 06:00:00,1.87,1.87,1.87,scattered clouds,1021.71,75,49,9.64147
wea308,denver,2019-04-29 09:00:00,0.15,0.15,0.15,clear sky,1024.83,75,0,6.35308
wea309,denver,2019-04-29 12:00:00,3.44,3.44,3.44,clear sky,1028.55,51,0,11.610030000000002
wea310,denver,2019-04-29 15:00:00,9.25,9.25,9.25,clear sky,1028.65,28,0,10.334940000000001
wea311,denver,2019-04-29 18:00:00,13.26,13.26,13.26,few clouds,1027.52,23,21,9.26118
wea312,denver,2019-04-29 21:00:00,13.65,13.65,13.65,overcast clouds,1027.5,26,100,7.51632
wea313,denver,2019-04-30 00:00:00,9.03,9.03,9.03,overcast clouds,1028.66,39,100,2.70677
wea314,denver,2019-04-30 03:00:00,8.05,8.05,8.05,overcast clouds,1029.19,40,100,2.25937
wea315,denver,2019-04-30 06:00:00,7.45,7.45,7.45,overcast clouds,1029.05,43,100,2.63966
wea316,denver,2019-04-30 09:00:00,5.75,5.75,5.75,overcast clouds,1027.86,57,100,2.72914
wea317,denver,2019-04-30 12:00:00,7.51,7.51,7.51,overcast clouds,1027.06,59,99,5.033250000000001
wea318,denver,2019-04-30 15:00:00,6.05,6.05,6.05,light rain,1024.39,89,100,5.70435
wea319,denver,2019-04-30 18:00:00,9.64,9.64,9.64,light rain,1021.01,91,100,7.33736
wea320,denver,2019-04-30 21:00:00,13.06,13.06,13.06,light rain,1019.25,91,100,1.96856
wea321,atlanta,2019-04-26 00:00:00,7.2,7.2,12.12,broken clouds,1014.08,62,65,4.54111
wea322,atlanta,2019-04-26 03:00:00,5.24,5.24,8.93,broken clouds,1014.93,75,57,5.32406
wea323,atlanta,2019-04-26 06:00:00,4.73,4.73,7.19,broken clouds,1014.25,80,71,4.004230000000001
wea324,atlanta,2019-04-26 09:00:00,6.62,6.62,7.85,overcast clouds,1012.97,79,93,3.28839
wea325,atlanta,2019-04-26 12:00:00,7.95,7.95,7.95,light rain,1011.94,91,97,5.72672
wea326,atlanta,2019-04-26 15:00:00,8.62,8.62,8.62,moderate rain,1009.2,92,100,9.48488
wea327,atlanta,2019-04-26 18:00:00,10.05,10.05,10.05,light rain,1005.8,94,100,8.187420000000001
wea328,atlanta,2019-04-26 21:00:00,11.25,11.25,11.25,light rain,1001.99,95,100,7.270250000000001
wea329,atlanta,2019-04-27 00:00:00,13.79,13.79,13.79,light rain,998.42,98,100,7.00181
wea330,atlanta,2019-04-27 03:00:00,15.65,15.65,15.65,light rain,993.89,93,100,11.11789
wea331,atlanta,2019-04-27 06:00:00,14.86,14.86,14.86,light rain,991.11,95,100,7.762390000000001
wea332,atlanta,2019-04-27 09:00:00,10.55,10.55,10.55,light rain,990.0,89,100,8.07557
wea333,atlanta,2019-04-27 12:00:00,10.05,10.05,10.05,overcast clouds,990.02,85,100,8.43349
wea334,atlanta,2019-04-27 15:00:00,12.66,12.66,12.66,light rain,992.42,62,88,12.392980000000001
wea335,atlanta,2019-04-27 18:00:00,12.86,12.86,12.86,light rain,993.85,57,92,11.654770000000001
wea336,atlanta,2019-04-27 21:00:00,12.37,12.37,12.37,light rain,995.66,52,92,12.840380000000001
wea337,atlanta,2019-04-28 00:00:00,7.03,7.03,7.03,light rain,999.77,64,86,8.59008
wea338,atlanta,2019-04-28 03:00:00,5.55,5.55,5.55,broken clouds,1003.01,66,77,9.73095
wea339,atlanta,2019-04-28 06:00:00,5.71,5.71,5.71,broken clouds,1005.01,70,66,10.20072
wea340,atlanta,2019-04-28 09:00:00,4.81,4.81,4.81,few clouds,1007.12,72,24,9.05985
wea341,atlanta,2019-04-28 12:00:00,7.05,7.05,7.05,few clouds,1009.36,59,12,9.08222
wea342,atlanta,2019-04-28 15:00:00,12.48,12.48,12.48,clear sky,1010.52,43,0,7.807130000000001
wea343,atlanta,2019-04-28 18:00:00,10.55,10.55,10.55,light rain,1011.18,59,50,9.194070000000002
wea344,atlanta,2019-04-28 21:00:00,11.58,11.58,11.58,overcast clouds,1010.77,55,87,7.04655
wea345,atlanta,2019-04-29 00:00:00,6.58,6.58,6.58,light rain,1014.2,85,91,7.538690000000001
wea346,atlanta,2019-04-29 03:00:00,4.21,4.21,4.21,light rain,1018.56,77,98,11.36396
wea347,atlanta,2019-04-29 06:00:00,1.87,1.87,1.87,scattered clouds,1021.71,75,49,9.64147
wea348,atlanta,2019-04-29 09:00:00,0.15,0.15,0.15,clear sky,1024.83,75,0,6.35308
wea349,atlanta,2019-04-29 12:00:00,3.44,3.44,3.44,clear sky,1028.55,51,0,11.610030000000002
wea350,atlanta,2019-04-29 15:00:00,9.25,9.25,9.25,clear sky,1028.65,28,0,10.334940000000001
wea351,atlanta,2019-04-29 18:00:00,13.26,13.26,13.26,few clouds,1027.52,23,21,9.26118
wea352,atlanta,2019-04-29 21:00:00,13.65,13.65,13.65,overcast clouds,1027.5,26,100,7.51632
wea353,atlanta,2019-04-30 00:00:00,9.03,9.03,9.03,overcast clouds,1028.66,39,100,2.70677
wea354,atlanta,2019-04-30 03:00:00,8.05,8.05,8.05,overcast clouds,1029.19,40,100,2.25937
wea355,atlanta,2019-04-30 06:00:00,7.45,7.45,7.45,overcast clouds,1029.05,43,100,2.63966
wea356,atlanta,2019-04-30 09:00:00,5.75,5.75,5.75,overcast clouds,1027.86,57,100,2.72914
wea357,atlanta,2019-04-30 12:00:00,7.51,7.51,7.51,overcast clouds,1027.06,59,99,5.033250000000001
wea358,atlanta,2019-04-30 15:00:00,6.05,6.05,6.05,light rain,1024.39,89,100,5.70435
wea359,atlanta,2019-04-30 18:00:00,9.64,9.64,9.64,light rain,1021.01,91,100,7.33736
wea360,atlanta,2019-04-30 21:00:00,13.06,13.06,13.06,light rain,1019.25,91,100,1.96856
wea361,philadelphia,2019-04-26 00:00:00,7.14,7.14,12.12,broken clouds,1014.08,62,65,4.54111
wea362,philadelphia,2019-04-26 03:00:00,5.2,5.2,8.93,broken clouds,1014.93,75,57,5.32406
wea363,philadelphia,2019-04-26 06:00:00,4.7,4.7,7.19,broken clouds,1014.25,80,71,4.004230000000001
wea364,philadelphia,2019-04-26 09:00:00,6.61,6.61,7.85,overcast clouds,1012.97,79,93,3.28839
wea365,philadelphia,2019-04-26 12:00:00,7.95,7.95,7.95,light rain,1011.94,91,97,5.72672
wea366,philadelphia,2019-04-26 15:00:00,8.62,8.62,8.62,moderate rain,1009.2,92,100,9.48488
wea367,philadelphia,2019-04-26 18:00:00,10.05,10.05,10.05,light rain,1005.8,94,100,8.187420000000001
wea368,philadelphia,2019-04-26 21:00:00,11.25,11.25,11.25,light rain,1001.99,95,100,7.270250000000001
wea369,philadelphia,2019-04-27 00:00:00,13.79,13.79,13.79,light rain,998.42,98,100,7.00181
wea370,philadelphia,2019-04-27 03:00:00,15.65,15.65,15.65,light rain,993.89,93,100,11.11789
wea371,philadelphia,2019-04-27 06:00:00,14.86,14.86,14.86,light rain,991.11,95,100,7.762390000000001
wea372,philadelphia,2019-04-27 09:00:00,10.55,10.55,10.55,light rain,990.0,89,100,8.07557
wea373,philadelphia,2019-04-27 12:00:00,10.05,10.05,10.05,overcast clouds,990.02,85,100,8.43349
wea374,philadelphia,2019-04-27 15:00:00,12.66,12.66,12.66,light rain,992.42,62,88,12.392980000000001
wea375,philadelphia,2019-04-27 18:00:00,12.86,12.86,12.86,light rain,993.85,57,92,11.654770000000001
wea376,philadelphia,2019-04-27 21:00:00,12.37,12.37,12.37,light rain,995.66,52,92,12.840380000000001
wea377,philadelphia,2019-04-28 00:00:00,7.03,7.03,7.03,light rain,999.77,64,86,8.59008
wea378,philadelphia,2019-04-28 03:00:00,5.55,5.55,5.55,broken clouds,1003.01,66,77,9.73095
wea379,philadelphia,2019-04-28 06:00:00,5.71,5.71,5.71,broken clouds,1005.01,70,66,10.20072
wea380,philadelphia,2019-04-28 09:00:00,4.81,4.81,4.81,few clouds,1007.12,72,24,9.05985
wea381,philadelphia,2019-04-28 12:00:00,7.05,7.05,7.05,few clouds,1009.36,59,12,9.08222
wea382,philadelphia,2019-04-28 15:00:00,12.48,12.48,12.48,clear sky,1010.52,43,0,7.807130000000001
wea383,philadelphia,2019-04-28 18:00:00,10.55,10.55,10.55,light rain,1011.18,59,50,9.194070000000002
wea384,philadelphia,2019-04-28 21:00:00,11.58,11.58,11.58,overcast clouds,1010.77,55,87,7.04655
wea385,philadelphia,2019-04-29 00:00:00,6.58,6.58,6.58,light rain,1014.2,85,91,7.538690000000001
wea386,philadelphia,2019-04-29 03:00:00,4.21,4.21,4.21,light rain,1018.56,77,98,11.36396
wea387,philadelphia,2019-04-29 06:00:00,1.87,1.87,1.87,scattered clouds,1021.71,75,49,9.64147
wea388,philadelphia,2019-04-29 09:00:00,0.15,0.15,0.15,clear sky,1024.83,75,0,6.35308
wea389,philadelphia,2019-04-29 12:00:00,3.44,3.44,3.44,clear sky,1028.55,51,0,11.610030000000002
wea390,philadelphia,2019-04-29 15:00:00,9.25,9.25,9.25,clear sky,1028.65,28,0,10.334940000000001
wea391,philadelphia,2019-04-29 18:00:00,13.26,13.26,13.26,few clouds,1027.52,23,21,9.26118
wea392,philadelphia,2019-04-29 21:00:00,13.65,13.65,13.65,overcast clouds,1027.5,26,100,7.51632
wea393,philadelphia,2019-04-30 00:00:00,9.03,9.03,9.03,overcast clouds,1028.66,39,100,2.70677
wea394,philadelphia,2019-04-30 03:00:00,8.05,8.05,8.05,overcast clouds,1029.19,40,100,2.25937
wea395,philadelphia,2019-04-30 06:00:00,7.45,7.45,7.45,overcast clouds,1029.05,43,100,2.63966
wea396,philadelphia,2019-04-30 09:00:00,5.75,5.75,5.75,overcast clouds,1027.86,57,100,2.72914
wea397,philadelphia,2019-04-30 12:00:00,7.51,7.51,7.51,overcast clouds,1027.06,59,99,5.033250000000001
wea398,philadelphia,2019-04-30 15:00:00,6.05,6.05,6.05,light rain,1024.39,89,100,5.70435
wea399,philadelphia,2019-04-30 18:00:00,9.64,9.64,9.64,light rain,1021.01,91,100,7.33736
wea400,philadelphia,2019-04-30 21:00:00,13.06,13.06,13.06,light rain,1019.25,91,100,1.96856
wea401,charleston,2019-04-26 00:00:00,7.14,7.14,12.12,broken clouds,1014.08,62,65,4.54111
wea402,charleston,2019-04-26 03:00:00,5.2,5.2,8.93,broken clouds,1014.93,75,57,5.32406
wea403,charleston,2019-04-26 06:00:00,4.7,4.7,7.19,broken clouds,1014.25,80,71,4.004230000000001
wea404,charleston,2019-04-26 09:00:00,6.61,6.61,7.85,overcast clouds,1012.97,79,93,3.28839
wea405,charleston,2019-04-26 12:00:00,7.95,7.95,7.95,light rain,1011.94,91,97,5.72672
wea406,charleston,2019-04-26 15:00:00,8.62,8.62,8.62,moderate rain,1009.2,92,100,9.48488
wea407,charleston,2019-04-26 18:00:00,10.05,10.05,10.05,light rain,1005.8,94,100,8.187420000000001
wea408,charleston,2019-04-26 21:00:00,11.25,11.25,11.25,light rain,1001.99,95,100,7.270250000000001
wea409,charleston,2019-04-27 00:00:00,13.79,13.79,13.79,light rain,998.42,98,100,7.00181
wea410,charleston,2019-04-27 03:00:00,15.65,15.65,15.65,light rain,993.89,93,100,11.11789
wea411,charleston,2019-04-27 06:00:00,14.86,14.86,14.86,light rain,991.11,95,100,7.762390000000001
wea412,charleston,2019-04-27 09:00:00,10.55,10.55,10.55,light rain,990.0,89,100,8.07557
wea413,charleston,2019-04-27 12:00:00,10.05,10.05,10.05,overcast clouds,990.02,85,100,8.43349
wea414,charleston,2019-04-27 15:00:00,12.66,12.66,12.66,light rain,992.42,62,88,12.392980000000001
wea415,charleston,2019-04-27 18:00:00,12.86,12.86,12.86,light rain,993.85,57,92,11.654770000000001
wea416,charleston,2019-04-27 21:00:00,12.37,12.37,12.37,light rain,995.66,52,92,12.840380000000001
wea417,charleston,2019-04-28 00:00:00,7.03,7.03,7.03,light rain,999.77,64,86,8.59008
wea418,charleston,2019-04-28 03:00:00,5.55,5.55,5.55,broken clouds,1003.01,66,77,9.73095
wea419,charleston,2019-04-28 06:00:00,5.71,5.71,5.71,broken clouds,1005.01,70,66,10.20072
wea420,charleston,2019-04-28 09:00:00,4.81,4.81,4.81,few clouds,1007.12,72,24,9.05985
wea421,charleston,2019-04-28 12:00:00,7.05,7.05,7.05,few clouds,1009.36,59,12,9.08222
wea422,charleston,2019-04-28 15:00:00,12.48,12.48,12.48,clear sky,1010.52,43,0,7.807130000000001
wea423,charleston,2019-04-28 18:00:00,10.55,10.55,10.55,light rain,1011.18,59,50,9.194070000000002
wea424,charleston,2019-04-28 21:00:00,11.58,11.58,11.58,overcast clouds,1010.77,55,87,7.04655
wea425,charleston,2019-04-29 00:00:00,6.58,6.58,6.58,light rain,1014.2,85,91,7.538690000000001
wea426,charleston,2019-04-29 03:00:00,4.21,4.21,4.21,light rain,1018.56,77,98,11.36396
wea427,charleston,2019-04-29 06:00:00,1.87,1.87,1.87,scattered clouds,1021.71,75,49,9.64147
wea428,charleston,2019-04-29 09:00:00,0.15,0.15,0.15,clear sky,1024.83,75,0,6.35308
wea429,charleston,2019-04-29 12:00:00,3.44,3.44,3.44,clear sky,1028.55,51,0,11.610030000000002
wea430,charleston,2019-04-29 15:00:00,9.25,9.25,9.25,clear sky,1028.65,28,0,10.334940000000001
wea431,charleston,2019-04-29 18:00:00,13.26,13.26,13.26,few clouds,1027.52,23,21,9.26118
wea432,charleston,2019-04-29 21:00:00,13.65,13.65,13.65,overcast clouds,1027.5,26,100,7.51632
wea433,charleston,2019-04-30 00:00:00,9.03,9.03,9.03,overcast clouds,1028.66,39,100,2.70677
wea434,charleston,2019-04-30 03:00:00,8.05,8.05,8.05,overcast clouds,1029.19,40,100,2.25937
wea435,charleston,2019-04-30 06:00:00,7.45,7.45,7.45,overcast clouds,1029.05,43,100,2.63966
wea436,charleston,2019-04-30 09:00:00,5.75,5.75,5.75,overcast clouds,1027.86,57,100,2.72914
wea437,charleston,2019-04-30 12:00:00,7.51,7.51,7.51,overcast clouds,1027.06,59,99,5.033250000000001
wea438,charleston,2019-04-30 15:00:00,6.05,6.05,6.05,light rain,1024.39,89,100,5.70435
wea439,charleston,2019-04-30 18:00:00,9.64,9.64,9.64,light rain,1021.01,91,100,7.33736
wea440,charleston,2019-04-30 21:00:00,13.06,13.06,13.06,light rain,1019.25,91,100,1.96856
wea441,seattle,2019-04-26 00:00:00,7.2,7.2,12.12,broken clouds,1014.08,62,65,4.54111
wea442,seattle,2019-04-26 03:00:00,5.24,5.24,8.93,broken clouds,1014.93,75,57,5.32406
wea443,seattle,2019-04-26 06:00:00,4.73,4.73,7.19,broken clouds,1014.25,80,71,4.004230000000001
wea444,seattle,2019-04-26 09:00:00,6.62,6.62,7.85,overcast clouds,1012.97,79,93,3.28839
wea445,seattle,2019-04-26 12:00:00,7.95,7.95,7.95,light rain,1011.94,91,97,5.72672
wea446,seattle,2019-04-26 15:00:00,8.62,8.62,8.62,moderate rain,1009.2,92,100,9.48488
wea447,seattle,2019-04-26 18:00:00,10.05,10.05,10.05,light rain,1005.8,94,100,8.187420000000001
wea448,seattle,2019-04-26 21:00:00,11.25,11.25,11.25,light rain,1001.99,95,100,7.270250000000001
wea449,seattle,2019-04-27 00:00:00,13.79,13.79,13.79,light rain,998.42,98,100,7.00181
wea450,seattle,2019-04-27 03:00:00,15.65,15.65,15.65,light rain,993.89,93,100,11.11789
wea451,seattle,2019-04-27 06:00:00,14.86,14.86,14.86,light rain,991.11,95,100,7.762390000000001
wea452,seattle,2019-04-27 09:00:00,10.55,10.55,10.55,light rain,990.0,89,100,8.07557
wea453,seattle,2019-04-27 12:00:00,10.05,10.05,10.05,overcast clouds,990.02,85,100,8.43349
wea454,seattle,2019-04-27 15:00:00,12.66,12.66,12.66,light rain,992.42,62,88,12.392980000000001
wea455,seattle,2019-04-27 18:00:00,12.86,12.86,12.86,light rain,993.85,57,92,11.654770000000001
wea456,seattle,2019-04-27 21:00:00,12.37,12.37,12.37,light rain,995.66,52,92,12.840380000000001
wea457,seattle,2019-04-28 00:00:00,7.03,7.03,7.03,light rain,999.77,64,86,8.59008
wea458,seattle,2019-04-28 03:00:00,5.55,5.55,5.55,broken clouds,1003.01,66,77,9.73095
wea459,seattle,2019-04-28 06:00:00,5.71,5.71,5.71,broken clouds,1005.01,70,66,10.20072
wea460,seattle,2019-04-28 09:00:00,4.81,4.81,4.81,few clouds,1007.12,72,24,9.05985
wea461,seattle,2019-04-28 12:00:00,7.05,7.05,7.05,few clouds,1009.36,59,12,9.08222
wea462,seattle,2019-04-28 15:00:00,12.48,12.48,12.48,clear sky,1010.52,43,0,7.807130000000001
wea463,seattle,2019-04-28 18:00:00,10.55,10.55,10.55,light rain,1011.18,59,50,9.194070000000002
wea464,seattle,2019-04-28 21:00:00,11.58,11.58,11.58,overcast clouds,1010.77,55,87,7.04655
wea465,seattle,2019-04-29 00:00:00,6.58,6.58,6.58,light rain,1014.2,85,91,7.538690000000001
wea466,seattle,2019-04-29 03:00:00,4.21,4.21,4.21,light rain,1018.56,77,98,11.36396
wea467,seattle,2019-04-29 06:00:00,1.87,1.87,1.87,scattered clouds,1021.71,75,49,9.64147
wea468,seattle,2019-04-29 09:00:00,0.15,0.15,0.15,clear sky,1024.83,75,0,6.35308
wea469,seattle,2019-04-29 12:00:00,3.44,3.44,3.44,clear sky,1028.55,51,0,11.610030000000002
wea470,seattle,2019-04-29 15:00:00,9.25,9.25,9.25,clear sky,1028.65,28,0,10.334940000000001
wea471,seattle,2019-04-29 18:00:00,13.26,13.26,13.26,few clouds,1027.52,23,21,9.26118
wea472,seattle,2019-04-29 21:00:00,13.65,13.65,13.65,overcast clouds,1027.5,26,100,7.51632
wea473,seattle,2019-04-30 00:00:00,9.03,9.03,9.03,overcast clouds,1028.66,39,100,2.70677
wea474,seattle,2019-04-30 03:00:00,8.05,8.05,8.05,overcast clouds,1029.19,40,100,2.25937
wea475,seattle,2019-04-30 06:00:00,7.45,7.45,7.45,overcast clouds,1029.05,43,100,2.63966
wea476,seattle,2019-04-30 09:00:00,5.75,5.75,5.75,overcast clouds,1027.86,57,100,2.72914
wea477,seattle,2019-04-30 12:00:00,7.51,7.51,7.51,overcast clouds,1027.06,59,99,5.033250000000001
wea478,seattle,2019-04-30 15:00:00,6.05,6.05,6.05,light rain,1024.39,89,100,5.70435
wea479,seattle,2019-04-30 18:00:00,9.64,9.64,9.64,light rain,1021.01,91,100,7.33736
wea480,seattle,2019-04-30 21:00:00,13.06,13.06,13.06,light rain,1019.25,91,100,1.96856
wea481,neworleans,2019-04-26 00:00:00,7.2,7.2,12.12,broken clouds,1014.08,62,65,4.54111
wea482,neworleans,2019-04-26 03:00:00,5.24,5.24,8.93,broken clouds,1014.93,75,57,5.32406
wea483,neworleans,2019-04-26 06:00:00,4.73,4.73,7.19,broken clouds,1014.25,80,71,4.004230000000001
wea484,neworleans,2019-04-26 09:00:00,6.62,6.62,7.85,overcast clouds,1012.97,79,93,3.28839
wea485,neworleans,2019-04-26 12:00:00,7.95,7.95,7.95,light rain,1011.94,91,97,5.72672
wea486,neworleans,2019-04-26 15:00:00,8.62,8.62,8.62,moderate rain,1009.2,92,100,9.48488
wea487,neworleans,2019-04-26 18:00:00,10.05,10.05,10.05,light rain,1005.8,94,100,8.187420000000001
wea488,neworleans,2019-04-26 21:00:00,11.25,11.25,11.25,light rain,1001.99,95,100,7.270250000000001
wea489,neworleans,2019-04-27 00:00:00,13.79,13.79,13.79,light rain,998.42,98,100,7.00181
wea490,neworleans,2019-04-27 03:00:00,15.65,15.65,15.65,light rain,993.89,93,100,11.11789
wea491,neworleans,2019-04-27 06:00:00,14.86,14.86,14.86,light rain,991.11,95,100,7.762390000000001
wea492,neworleans,2019-04-27 09:00:00,10.55,10.55,10.55,light rain,990.0,89,100,8.07557
wea493,neworleans,2019-04-27 12:00:00,10.05,10.05,10.05,overcast clouds,990.02,85,100,8.43349
wea494,neworleans,2019-04-27 15:00:00,12.66,12.66,12.66,light rain,992.42,62,88,12.392980000000001
wea495,neworleans,2019-04-27 18:00:00,12.86,12.86,12.86,light rain,993.85,57,92,11.654770000000001
wea496,neworleans,2019-04-27 21:00:00,12.37,12.37,12.37,light rain,995.66,52,92,12.840380000000001
wea497,neworleans,2019-04-28 00:00:00,7.03,7.03,7.03,light rain,999.77,64,86,8.59008
wea498,neworleans,2019-04-28 03:00:00,5.55,5.55,5.55,broken clouds,1003.01,66,77,9.73095
wea499,neworleans,2019-04-28 06:00:00,5.71,5.71,5.71,broken clouds,1005.01,70,66,10.20072
wea500,neworleans,2019-04-28 09:00:00,4.81,4.81,4.81,few clouds,1007.12,72,24,9.05985
wea501,neworleans,2019-04-28 12:00:00,7.05,7.05,7.05,few clouds,1009.36,59,12,9.08222
wea502,neworleans,2019-04-28 15:00:00,12.48,12.48,12.48,clear sky,1010.52,43,0,7.807130000000001
wea503,neworleans,2019-04-28 18:00:00,10.55,10.55,10.55,light rain,1011.18,59,50,9.194070000000002
wea504,neworleans,2019-04-28 21:00:00,11.58,11.58,11.58,overcast clouds,1010.77,55,87,7.04655
wea505,neworleans,2019-04-29 00:00:00,6.58,6.58,6.58,light rain,1014.2,85,91,7.538690000000001
wea506,neworleans,2019-04-29 03:00:00,4.21,4.21,4.21,light rain,1018.56,77,98,11.36396
wea507,neworleans,2019-04-29 06:00:00,1.87,1.87,1.87,scattered clouds,1021.71,75,49,9.64147
wea508,neworleans,2019-04-29 09:00:00,0.15,0.15,0.15,clear sky,1024.83,75,0,6.35308
wea509,neworleans,2019-04-29 12:00:00,3.44,3.44,3.44,clear sky,1028.55,51,0,11.610030000000002
wea510,neworleans,2019-04-29 15:00:00,9.25,9.25,9.25,clear sky,1028.65,28,0,10.334940000000001
wea511,neworleans,2019-04-29 18:00:00,13.26,13.26,13.26,few clouds,1027.52,23,21,9.26118
wea512,neworleans,2019-04-29 21:00:00,13.65,13.65,13.65,overcast clouds,1027.5,26,100,7.51632
wea513,neworleans,2019-04-30 00:00:00,9.03,9.03,9.03,overcast clouds,1028.66,39,100,2.70677
wea514,neworleans,2019-04-30 03:00:00,8.05,8.05,8.05,overcast clouds,1029.19,40,100,2.25937
wea515,neworleans,2019-04-30 06:00:00,7.45,7.45,7.45,overcast clouds,1029.05,43,100,2.63966
wea516,neworleans,2019-04-30 09:00:00,5.75,5.75,5.75,overcast clouds,1027.86,57,100,2.72914
wea517,neworleans,2019-04-30 12:00:00,7.51,7.51,7.51,overcast clouds,1027.06,59,99,5.033250000000001
wea518,neworleans,2019-04-30 15:00:00,6.05,6.05,6.05,light rain,1024.39,89,100,5.70435
wea519,neworleans,2019-04-30 18:00:00,9.64,9.64,9.64,light rain,1021.01,91,100,7.33736
wea520,neworleans,2019-04-30 21:00:00,13.06,13.06,13.06,light rain,1019.25,91,100,1.96856
wea521,stlouis,2019-04-26 00:00:00,7.2,7.2,12.12,broken clouds,1014.08,62,65,4.54111
wea522,stlouis,2019-04-26 03:00:00,5.24,5.24,8.93,broken clouds,1014.93,75,57,5.32406
wea523,stlouis,2019-04-26 06:00:00,4.73,4.73,7.19,broken clouds,1014.25,80,71,4.004230000000001
wea524,stlouis,2019-04-26 09:00:00,6.62,6.62,7.85,overcast clouds,1012.97,79,93,3.28839
wea525,stlouis,2019-04-26 12:00:00,7.95,7.95,7.95,light rain,1011.94,91,97,5.72672
wea526,stlouis,2019-04-26 15:00:00,8.62,8.62,8.62,moderate rain,1009.2,92,100,9.48488
wea527,stlouis,2019-04-26 18:00:00,10.05,10.05,10.05,light rain,1005.8,94,100,8.187420000000001
wea528,stlouis,2019-04-26 21:00:00,11.25,11.25,11.25,light rain,1001.99,95,100,7.270250000000001
wea529,stlouis,2019-04-27 00:00:00,13.79,13.79,13.79,light rain,998.42,98,100,7.00181
wea530,stlouis,2019-04-27 03:00:00,15.65,15.65,15.65,light rain,993.89,93,100,11.11789
wea531,stlouis,2019-04-27 06:00:00,14.86,14.86,14.86,light rain,991.11,95,100,7.762390000000001
wea532,stlouis,2019-04-27 09:00:00,10.55,10.55,10.55,light rain,990.0,89,100,8.07557
wea533,stlouis,2019-04-27 12:00:00,10.05,10.05,10.05,overcast clouds,990.02,85,100,8.43349
wea534,stlouis,2019-04-27 15:00:00,12.66,12.66,12.66,light rain,992.42,62,88,12.392980000000001
wea535,stlouis,2019-04-27 18:00:00,12.86,12.86,12.86,light rain,993.85,57,92,11.654770000000001
wea536,stlouis,2019-04-27 21:00:00,12.37,12.37,12.37,light rain,995.66,52,92,12.840380000000001
wea537,stlouis,2019-04-28 00:00:00,7.03,7.03,7.03,light rain,999.77,64,86,8.59008
wea538,stlouis,2019-04-28 03:00:00,5.55,5.55,5.55,broken clouds,1003.01,66,77,9.73095
wea539,stlouis,2019-04-28 06:00:00,5.71,5.71,5.71,broken clouds,1005.01,70,66,10.20072
wea540,stlouis,2019-04-28 09:00:00,4.81,4.81,4.81,few clouds,1007.12,72,24,9.05985
wea541,stlouis,2019-04-28 12:00:00,7.05,7.05,7.05,few clouds,1009.36,59,12,9.08222
wea542,stlouis,2019-04-28 15:00:00,12.48,12.48,12.48,clear sky,1010.52,43,0,7.807130000000001
wea543,stlouis,2019-04-28 18:00:00,10.55,10.55,10.55,light rain,1011.18,59,50,9.194070000000002
wea544,stlouis,2019-04-28 21:00:00,11.58,11.58,11.58,overcast clouds,1010.77,55,87,7.04655
wea545,stlouis,2019-04-29 00:00:00,6.58,6.58,6.58,light rain,1014.2,85,91,7.538690000000001
wea546,stlouis,2019-04-29 03:00:00,4.21,4.21,4.21,light rain,1018.56,77,98,11.36396
wea547,stlouis,2019-04-29 06:00:00,1.87,1.87,1.87,scattered clouds,1021.71,75,49,9.64147
wea548,stlouis,2019-04-29 09:00:00,0.15,0.15,0.15,clear sky,1024.83,75,0,6.35308
wea549,stlouis,2019-04-29 12:00:00,3.44,3.44,3.44,clear sky,1028.55,51,0,11.610030000000002
wea550,stlouis,2019-04-29 15:00:00,9.25,9.25,9.25,clear sky,1028.65,28,0,10.334940000000001
wea551,stlouis,2019-04-29 18:00:00,13.26,13.26,13.26,few clouds,1027.52,23,21,9.26118
wea552,stlouis,2019-04-29 21:00:00,13.65,13.65,13.65,overcast clouds,1027.5,26,100,7.51632
wea553,stlouis,2019-04-30 00:00:00,9.03,9.03,9.03,overcast clouds,1028.66,39,100,2.70677
wea554,stlouis,2019-04-30 03:00:00,8.05,8.05,8.05,overcast clouds,1029.19,40,100,2.25937
wea555,stlouis,2019-04-30 06:00:00,7.45,7.45,7.45,overcast clouds,1029.05,43,100,2.63966
wea556,stlouis,2019-04-30 09:00:00,5.75,5.75,5.75,overcast clouds,1027.86,57,100,2.72914
wea557,stlouis,2019-04-30 12:00:00,7.51,7.51,7.51,overcast clouds,1027.06,59,99,5.033250000000001
wea558,stlouis,2019-04-30 15:00:00,6.05,6.05,6.05,light rain,1024.39,89,100,5.70435
wea559,stlouis,2019-04-30 18:00:00,9.64,9.64,9.64,light rain,1021.01,91,100,7.33736
wea560,stlouis,2019-04-30 21:00:00,13.06,13.06,13.06,light rain,1019.25,91,100,1.96856
wea561,sedona,2019-04-26 00:00:00,7.2,7.2,12.12,broken clouds,1014.08,62,65,4.54111
wea562,sedona,2019-04-26 03:00:00,5.24,5.24,8.93,broken clouds,1014.93,75,57,5.32406
wea563,sedona,2019-04-26 06:00:00,4.73,4.73,7.19,broken clouds,1014.25,80,71,4.004230000000001
wea564,sedona,2019-04-26 09:00:00,6.62,6.62,7.85,overcast clouds,1012.97,79,93,3.28839
wea565,sedona,2019-04-26 12:00:00,7.95,7.95,7.95,light rain,1011.94,91,97,5.72672
wea566,sedona,2019-04-26 15:00:00,8.62,8.62,8.62,moderate rain,1009.2,92,100,9.48488
wea567,sedona,2019-04-26 18:00:00,10.05,10.05,10.05,light rain,1005.8,94,100,8.187420000000001
wea568,sedona,2019-04-26 21:00:00,11.25,11.25,11.25,light rain,1001.99,95,100,7.270250000000001
wea569,sedona,2019-04-27 00:00:00,13.79,13.79,13.79,light rain,998.42,98,100,7.00181
wea570,sedona,2019-04-27 03:00:00,15.65,15.65,15.65,light rain,993.89,93,100,11.11789
wea571,sedona,2019-04-27 06:00:00,14.86,14.86,14.86,light rain,991.11,95,100,7.762390000000001
wea572,sedona,2019-04-27 09:00:00,10.55,10.55,10.55,light rain,990.0,89,100,8.07557
wea573,sedona,2019-04-27 12:00:00,10.05,10.05,10.05,overcast clouds,990.02,85,100,8.43349
wea574,sedona,2019-04-27 15:00:00,12.66,12.66,12.66,light rain,992.42,62,88,12.392980000000001
wea575,sedona,2019-04-27 18:00:00,12.86,12.86,12.86,light rain,993.85,57,92,11.654770000000001
wea576,sedona,2019-04-27 21:00:00,12.37,12.37,12.37,light rain,995.66,52,92,12.840380000000001
wea577,sedona,2019-04-28 00:00:00,7.03,7.03,7.03,light rain,999.77,64,86,8.59008
wea578,sedona,2019-04-28 03:00:00,5.55,5.55,5.55,broken clouds,1003.01,66,77,9.73095
wea579,sedona,2019-04-28 06:00:00,5.71,5.71,5.71,broken clouds,1005.01,70,66,10.20072
wea580,sedona,2019-04-28 09:00:00,4.81,4.81,4.81,few clouds,1007.12,72,24,9.05985
wea581,sedona,2019-04-28 12:00:00,7.05,7.05,7.05,few clouds,1009.36,59,12,9.08222
wea582,sedona,2019-04-28 15:00:00,12.48,12.48,12.48,clear sky,1010.52,43,0,7.807130000000001
wea583,sedona,2019-04-28 18:00:00,10.55,10.55,10.55,light rain,1011.18,59,50,9.194070000000002
wea584,sedona,2019-04-28 21:00:00,11.58,11.58,11.58,overcast clouds,1010.77,55,87,7.04655
wea585,sedona,2019-04-29 00:00:00,6.58,6.58,6.58,light rain,1014.2,85,91,7.538690000000001
wea586,sedona,2019-04-29 03:00:00,4.21,4.21,4.21,light rain,1018.56,77,98,11.36396
wea587,sedona,2019-04-29 06:00:00,1.87,1.87,1.87,scattered clouds,1021.71,75,49,9.64147
wea588,sedona,2019-04-29 09:00:00,0.15,0.15,0.15,clear sky,1024.83,75,0,6.35308
wea589,sedona,2019-04-29 12:00:00,3.44,3.44,3.44,clear sky,1028.55,51,0,11.610030000000002
wea590,sedona,2019-04-29 15:00:00,9.25,9.25,9.25,clear sky,1028.65,28,0,10.334940000000001
wea591,sedona,2019-04-29 18:00:00,13.26,13.26,13.26,few clouds,1027.52,23,21,9.26118
wea592,sedona,2019-04-29 21:00:00,13.65,13.65,13.65,overcast clouds,1027.5,26,100,7.51632
wea593,sedona,2019-04-30 00:00:00,9.03,9.03,9.03,overcast clouds,1028.66,39,100,2.70677
wea594,sedona,2019-04-30 03:00:00,8.05,8.05,8.05,overcast clouds,1029.19,40,100,2.25937
wea595,sedona,2019-04-30 06:00:00,7.45,7.45,7.45,overcast clouds,1029.05,43,100,2.63966
wea596,sedona,2019-04-30 09:00:00,5.75,5.75,5.75,overcast clouds,1027.86,57,100,2.72914
wea597,sedona,2019-04-30 12:00:00,7.51,7.51,7.51,overcast clouds,1027.06,59,99,5.033250000000001
wea598,sedona,2019-04-30 15:00:00,6.05,6.05,6.05,light rain,1024.39,89,100,5.70435
wea599,sedona,2019-04-30 18:00:00,9.64,9.64,9.64,light rain,1021.01,91,100,7.33736
wea600,sedona,2019-04-30 21:00:00,13.06,13.06,13.06,light rain,1019.25,91,100,1.96856
wea601,honolulu,2019-04-26 00:00:00,7.14,7.14,12.12,broken clouds,1014.08,62,65,4.54111
wea602,honolulu,2019-04-26 03:00:00,5.2,5.2,8.93,broken clouds,1014.93,75,57,5.32406
wea603,honolulu,2019-04-26 06:00:00,4.7,4.7,7.19,broken clouds,1014.25,80,71,4.004230000000001
wea604,honolulu,2019-04-26 09:00:00,6.61,6.61,7.85,overcast clouds,1012.97,79,93,3.28839
wea605,honolulu,2019-04-26 12:00:00,7.95,7.95,7.95,light rain,1011.94,91,97,5.72672
wea606,honolulu,2019-04-26 15:00:00,8.62,8.62,8.62,moderate rain,1009.2,92,100,9.48488
wea607,honolulu,2019-04-26 18:00:00,10.05,10.05,10.05,light rain,1005.8,94,100,8.187420000000001
wea608,honolulu,2019-04-26 21:00:00,11.25,11.25,11.25,light rain,1001.99,95,100,7.270250000000001
wea609,honolulu,2019-04-27 00:00:00,13.79,13.79,13.79,light rain,998.42,98,100,7.00181
wea610,honolulu,2019-04-27 03:00:00,15.65,15.65,15.65,light rain,993.89,93,100,11.11789
wea611,honolulu,2019-04-27 06:00:00,14.86,14.86,14.86,light rain,991.11,95,100,7.762390000000001
wea612,honolulu,2019-04-27 09:00:00,10.55,10.55,10.55,light rain,990.0,89,100,8.07557
wea613,honolulu,2019-04-27 12:00:00,10.05,10.05,10.05,overcast clouds,990.02,85,100,8.43349
wea614,honolulu,2019-04-27 15:00:00,12.66,12.66,12.66,light rain,992.42,62,88,12.392980000000001
wea615,honolulu,2019-04-27 18:00:00,12.86,12.86,12.86,light rain,993.85,57,92,11.654770000000001
wea616,honolulu,2019-04-27 21:00:00,12.37,12.37,12.37,light rain,995.66,52,92,12.840380000000001
wea617,honolulu,2019-04-28 00:00:00,7.03,7.03,7.03,light rain,999.77,64,86,8.59008
wea618,honolulu,2019-04-28 03:00:00,5.55,5.55,5.55,broken clouds,1003.01,66,77,9.73095
wea619,honolulu,2019-04-28 06:00:00,5.71,5.71,5.71,broken clouds,1005.01,70,66,10.20072
wea620,honolulu,2019-04-28 09:00:00,4.81,4.81,4.81,few clouds,1007.12,72,24,9.05985
wea621,honolulu,2019-04-28 12:00:00,7.05,7.05,7.05,few clouds,1009.36,59,12,9.08222
wea622,honolulu,2019-04-28 15:00:00,12.48,12.48,12.48,clear sky,1010.52,43,0,7.807130000000001
wea623,honolulu,2019-04-28 18:00:00,10.55,10.55,10.55,light rain,1011.18,59,50,9.194070000000002
wea624,honolulu,2019-04-28 21:00:00,11.58,11.58,11.58,overcast clouds,1010.77,55,87,7.04655
wea625,honolulu,2019-04-29 00:00:00,6.58,6.58,6.58,light rain,1014.2,85,91,7.538690000000001
wea626,honolulu,2019-04-29 03:00:00,4.21,4.21,4.21,light rain,1018.56,77,98,11.36396
wea627,honolulu,2019-04-29 06:00:00,1.87,1.87,1.87,scattered clouds,1021.71,75,49,9.64147
wea628,honolulu,2019-04-29 09:00:00,0.15,0.15,0.15,clear sky,1024.83,75,0,6.35308
wea629,honolulu,2019-04-29 12:00:00,3.44,3.44,3.44,clear sky,1028.55,51,0,11.610030000000002
wea630,honolulu,2019-04-29 15:00:00,9.25,9.25,9.25,clear sky,1028.65,28,0,10.334940000000001
wea631,honolulu,2019-04-29 18:00:00,13.26,13.26,13.26,few clouds,1027.52,23,21,9.26118
wea632,honolulu,2019-04-29 21:00:00,13.65,13.65,13.65,overcast clouds,1027.5,26,100,7.51632
wea633,honolulu,2019-04-30 00:00:00,9.03,9.03,9.03,overcast clouds,1028.66,39,100,2.70677
wea634,honolulu,2019-04-30 03:00:00,8.05,8.05,8.05,overcast clouds,1029.19,40,100,2.25937
wea635,honolulu,2019-04-30 06:00:00,7.45,7.45,7.45,overcast clouds,1029.05,43,100,2.63966
wea636,honolulu,2019-04-30 09:00:00,5.75,5.75,5.75,overcast clouds,1027.86,57,100,2.72914
wea637,honolulu,2019-04-30 12:00:00,7.51,7.51,7.51,overcast clouds,1027.06,59,99,5.033250000000001
wea638,honolulu,2019-04-30 15:00:00,6.05,6.05,6.05,light rain,1024.39,89,100,5.70435
wea639,honolulu,2019-04-30 18:00:00,9.64,9.64,9.64,light rain,1021.01,91,100,7.33736
wea640,honolulu,2019-04-30 21:00:00,13.06,13.06,13.06,light rain,1019.25,91,100,1.96856
wea641,portland,2019-04-26 00:00:00,7.18,7.18,12.12,broken clouds,1014.08,62,65,4.54111
wea642,portland,2019-04-26 03:00:00,5.23,5.23,8.93,broken clouds,1014.93,75,57,5.32406
wea643,portland,2019-04-26 06:00:00,4.72,4.72,7.19,broken clouds,1014.25,80,71,4.004230000000001
wea644,portland,2019-04-26 09:00:00,6.62,6.62,7.85,overcast clouds,1012.97,79,93,3.28839
wea645,portland,2019-04-26 12:00:00,7.95,7.95,7.95,light rain,1011.94,91,97,5.72672
wea646,portland,2019-04-26 15:00:00,8.62,8.62,8.62,moderate rain,1009.2,92,100,9.48488
wea647,portland,2019-04-26 18:00:00,10.05,10.05,10.05,light rain,1005.8,94,100,8.187420000000001
wea648,portland,2019-04-26 21:00:00,11.25,11.25,11.25,light rain,1001.99,95,100,7.270250000000001
wea649,portland,2019-04-27 00:00:00,13.79,13.79,13.79,light rain,998.42,98,100,7.00181
wea650,portland,2019-04-27 03:00:00,15.65,15.65,15.65,light rain,993.89,93,100,11.11789
wea651,portland,2019-04-27 06:00:00,14.86,14.86,14.86,light rain,991.11,95,100,7.762390000000001
wea652,portland,2019-04-27 09:00:00,10.55,10.55,10.55,light rain,990.0,89,100,8.07557
wea653,portland,2019-04-27 12:00:00,10.05,10.05,10.05,overcast clouds,990.02,85,100,8.43349
wea654,portland,2019-04-27 15:00:00,12.66,12.66,12.66,light rain,992.42,62,88,12.392980000000001
wea655,portland,2019-04-27 18:00:00,12.86,12.86,12.86,light rain,993.85,57,92,11.654770000000001
wea656,portland,2019-04-27 21:00:00,12.37,12.37,12.37,light rain,995.66,52,92,12.840380000000001
wea657,portland,2019-04-28 00:00:00,7.03,7.03,7.03,light rain,999.77,64,86,8.59008
wea658,portland,2019-04-28 03:00:00,5.55,5.55,5.55,broken clouds,1003.01,66,77,9.73095
wea659,portland,2019-04-28 06:00:00,5.71,5.71,5.71,broken clouds,1005.01,70,66,10.20072
wea660,portland,2019-04-28 09:00:00,4.81,4.81,4.81,few clouds,1007.12,72,24,9.05985
wea661,portland,2019-04-28 12:00:00,7.05,7.05,7.05,few clouds,1009.36,59,12,9.08222
wea662,portland,2019-04-28 15:00:00,12.48,12.48,12.48,clear sky,1010.52,43,0,7.807130000000001
wea663,portland,2019-04-28 18:00:00,10.55,10.55,10.55,light rain,1011.18,59,50,9.194070000000002
wea664,portland,2019-04-28 21:00:00,11.58,11.58,11.58,overcast clouds,1010.77,55,87,7.04655
wea665,portland,2019-04-29 00:00:00,6.58,6.58,6.58,light rain,1014.2,85,91,7.538690000000001
wea666,portland,2019-04-29 03:00:00,4.21,4.21,4.21,light rain,1018.56,77,98,11.36396
wea667,portland,2019-04-29 06:00:00,1.87,1.87,1.87,scattered clouds,1021.71,75,49,9.64147
wea668,portland,2019-04-29 09:00:00,0.15,0.15,0.15,clear sky,1024.83,75,0,6.35308
wea669,portland,2019-04-29 12:00:00,3.44,3.44,3.44,clear sky,1028.55,51,0,11.610030000000002
wea670,portland,2019-04-29 15:00:00,9.25,9.25,9.25,clear sky,1028.65,28,0,10.334940000000001
wea671,portland,2019-04-29 18:00:00,13.26,13.26,13.26,few clouds,1027.52,23,21,9.26118
wea672,portland,2019-04-29 21:00:00,13.65,13.65,13.65,overcast clouds,1027.5,26,100,7.51632
wea673,portland,2019-04-30 00:00:00,9.03,9.03,9.03,overcast clouds,1028.66,39,100,2.70677
wea674,portland,2019-04-30 03:00:00,8.05,8.05,8.05,overcast clouds,1029.19,40,100,2.25937
wea675,portland,2019-04-30 06:00:00,7.45,7.45,7.45,overcast clouds,1029.05,43,100,2.63966
wea676,portland,2019-04-30 09:00:00,5.75,5.75,5.75,overcast clouds,1027.86,57,100,2.72914
wea677,portland,2019-04-30 12:00:00,7.51,7.51,7.51,overcast clouds,1027.06,59,99,5.033250000000001
wea678,portland,2019-04-30 15:00:00,6.05,6.05,6.05,light rain,1024.39,89,100,5.70435
wea679,portland,2019-04-30 18:00:00,9.64,9.64,9.64,light rain,1021.01,91,100,7.33736
wea680,portland,2019-04-30 21:00:00,13.06,13.06,13.06,light rain,1019.25,91,100,1.96856
wea681,nashville,2019-04-26 00:00:00,7.2,7.2,12.12,broken clouds,1014.08,62,65,4.54111
wea682,nashville,2019-04-26 03:00:00,5.24,5.24,8.93,broken clouds,1014.93,75,57,5.32406
wea683,nashville,2019-04-26 06:00:00,4.73,4.73,7.19,broken clouds,1014.25,80,71,4.004230000000001
wea684,nashville,2019-04-26 09:00:00,6.62,6.62,7.85,overcast clouds,1012.97,79,93,3.28839
wea685,nashville,2019-04-26 12:00:00,7.95,7.95,7.95,light rain,1011.94,91,97,5.72672
wea686,nashville,2019-04-26 15:00:00,8.62,8.62,8.62,moderate rain,1009.2,92,100,9.48488
wea687,nashville,2019-04-26 18:00:00,10.05,10.05,10.05,light rain,1005.8,94,100,8.187420000000001
wea688,nashville,2019-04-26 21:00:00,11.25,11.25,11.25,light rain,1001.99,95,100,7.270250000000001
wea689,nashville,2019-04-27 00:00:00,13.79,13.79,13.79,light rain,998.42,98,100,7.00181
wea690,nashville,2019-04-27 03:00:00,15.65,15.65,15.65,light rain,993.89,93,100,11.11789
wea691,nashville,2019-04-27 06:00:00,14.86,14.86,14.86,light rain,991.11,95,100,7.762390000000001
wea692,nashville,2019-04-27 09:00:00,10.55,10.55,10.55,light rain,990.0,89,100,8.07557
wea693,nashville,2019-04-27 12:00:00,10.05,10.05,10.05,overcast clouds,990.02,85,100,8.43349
wea694,nashville,2019-04-27 15:00:00,12.66,12.66,12.66,light rain,992.42,62,88,12.392980000000001
wea695,nashville,2019-04-27 18:00:00,12.86,12.86,12.86,light rain,993.85,57,92,11.654770000000001
wea696,nashville,2019-04-27 21:00:00,12.37,12.37,12.37,light rain,995.66,52,92,12.840380000000001
wea697,nashville,2019-04-28 00:00:00,7.03,7.03,7.03,light rain,999.77,64,86,8.59008
wea698,nashville,2019-04-28 03:00:00,5.55,5.55,5.55,broken clouds,1003.01,66,77,9.73095
wea699,nashville,2019-04-28 06:00:00,5.71,5.71,5.71,broken clouds,1005.01,70,66,10.20072
wea700,nashville,2019-04-28 09:00:00,4.81,4.81,4.81,few clouds,1007.12,72,24,9.05985
wea701,nashville,2019-04-28 12:00:00,7.05,7.05,7.05,few clouds,1009.36,59,12,9.08222
wea702,nashville,2019-04-28 15:00:00,12.48,12.48,12.48,clear sky,1010.52,43,0,7.807130000000001
wea703,nashville,2019-04-28 18:00:00,10.55,10.55,10.55,light rain,1011.18,59,50,9.194070000000002
wea704,nashville,2019-04-28 21:00:00,11.58,11.58,11.58,overcast clouds,1010.77,55,87,7.04655
wea705,nashville,2019-04-29 00:00:00,6.58,6.58,6.58,light rain,1014.2,85,91,7.538690000000001
wea706,nashville,2019-04-29 03:00:00,4.21,4.21,4.21,light rain,1018.56,77,98,11.36396
wea707,nashville,2019-04-29 06:00:00,1.87,1.87,1.87,scattered clouds,1021.71,75,49,9.64147
wea708,nashville,2019-04-29 09:00:00,0.15,0.15,0.15,clear sky,1024.83,75,0,6.35308
wea709,nashville,2019-04-29 12:00:00,3.44,3.44,3.44,clear sky,1028.55,51,0,11.610030000000002
wea710,nashville,2019-04-29 15:00:00,9.25,9.25,9.25,clear sky,1028.65,28,0,10.334940000000001
wea711,nashville,2019-04-29 18:00:00,13.26,13.26,13.26,few clouds,1027.52,23,21,9.26118
wea712,nashville,2019-04-29 21:00:00,13.65,13.65,13.65,overcast clouds,1027.5,26,100,7.51632
wea713,nashville,2019-04-30 00:00:00,9.03,9.03,9.03,overcast clouds,1028.66,39,100,2.70677
wea714,nashville,2019-04-30 03:00:00,8.05,8.05,8.05,overcast clouds,1029.19,40,100,2.25937
wea715,nashville,2019-04-30 06:00:00,7.45,7.45,7.45,overcast clouds,1029.05,43,100,2.63966
wea716,nashville,2019-04-30 09:00:00,5.75,5.75,5.75,overcast clouds,1027.86,57,100,2.72914
wea717,nashville,2019-04-30 12:00:00,7.51,7.51,7.51,overcast clouds,1027.06,59,99,5.033250000000001
wea718,nashville,2019-04-30 15:00:00,6.05,6.05,6.05,light rain,1024.39,89,100,5.70435
wea719,nashville,2019-04-30 18:00:00,9.64,9.64,9.64,light rain,1021.01,91,100,7.33736
wea720,nashville,2019-04-30 21:00:00,13.06,13.06,13.06,light rain,1019.25,91,100,1.96856
wea721,austin,2019-04-26 00:00:00,7.18,7.18,12.12,broken clouds,1014.08,62,65,4.54111
wea722,austin,2019-04-26 03:00:00,5.23,5.23,8.93,broken clouds,1014.93,75,57,5.32406
wea723,austin,2019-04-26 06:00:00,4.72,4.72,7.19,broken clouds,1014.25,80,71,4.004230000000001
wea724,austin,2019-04-26 09:00:00,6.62,6.62,7.85,overcast clouds,1012.97,79,93,3.28839
wea725,austin,2019-04-26 12:00:00,7.95,7.95,7.95,light rain,1011.94,91,97,5.72672
wea726,austin,2019-04-26 15:00:00,8.62,8.62,8.62,moderate rain,1009.2,92,100,9.48488
wea727,austin,2019-04-26 18:00:00,10.05,10.05,10.05,light rain,1005.8,94,100,8.187420000000001
wea728,austin,2019-04-26 21:00:00,11.25,11.25,11.25,light rain,1001.99,95,100,7.270250000000001
wea729,austin,2019-04-27 00:00:00,13.79,13.79,13.79,light rain,998.42,98,100,7.00181
wea730,austin,2019-04-27 03:00:00,15.65,15.65,15.65,light rain,993.89,93,100,11.11789
wea731,austin,2019-04-27 06:00:00,14.86,14.86,14.86,light rain,991.11,95,100,7.762390000000001
wea732,austin,2019-04-27 09:00:00,10.55,10.55,10.55,light rain,990.0,89,100,8.07557
wea733,austin,2019-04-27 12:00:00,10.05,10.05,10.05,overcast clouds,990.02,85,100,8.43349
wea734,austin,2019-04-27 15:00:00,12.66,12.66,12.66,light rain,992.42,62,88,12.392980000000001
wea735,austin,2019-04-27 18:00:00,12.86,12.86,12.86,light rain,993.85,57,92,11.654770000000001
wea736,austin,2019-04-27 21:00:00,12.37,12.37,12.37,light rain,995.66,52,92,12.840380000000001
wea737,austin,2019-04-28 00:00:00,7.03,7.03,7.03,light rain,999.77,64,86,8.59008
wea738,austin,2019-04-28 03:00:00,5.55,5.55,5.55,broken clouds,1003.01,66,77,9.73095
wea739,austin,2019-04-28 06:00:00,5.71,5.71,5.71,broken clouds,1005.01,70,66,10.20072
wea740,austin,2019-04-28 09:00:00,4.81,4.81,4.81,few clouds,1007.12,72,24,9.05985
wea741,austin,2019-04-28 12:00:00,7.05,7.05,7.05,few clouds,1009.36,59,12,9.08222
wea742,austin,2019-04-28 15:00:00,12.48,12.48,12.48,clear sky,1010.52,43,0,7.807130000000001
wea743,austin,2019-04-28 18:00:00,10.55,10.55,10.55,light rain,1011.18,59,50,9.194070000000002
wea744,austin,2019-04-28 21:00:00,11.58,11.58,11.58,overcast clouds,1010.77,55,87,7.04655
wea745,austin,2019-04-29 00:00:00,6.58,6.58,6.58,light rain,1014.2,85,91,7.538690000000001
wea746,austin,2019-04-29 03:00:00,4.21,4.21,4.21,light rain,1018.56,77,98,11.36396
wea747,austin,2019-04-29 06:00:00,1.87,1.87,1.87,scattered clouds,1021.71,75,49,9.64147
wea748,austin,2019-04-29 09:00:00,0.15,0.15,0.15,clear sky,1024.83,75,0,6.35308
wea749,austin,2019-04-29 12:00:00,3.44,3.44,3.44,clear sky,1028.55,51,0,11.610030000000002
wea750,austin,2019-04-29 15:00:00,9.25,9.25,9.25,clear sky,1028.65,28,0,10.334940000000001
wea751,austin,2019-04-29 18:00:00,13.26,13.26,13.26,few clouds,1027.52,23,21,9.26118
wea752,austin,2019-04-29 21:00:00,13.65,13.65,13.65,overcast clouds,1027.5,26,100,7.51632
wea753,austin,2019-04-30 00:00:00,9.03,9.03,9.03,overcast clouds,1028.66,39,100,2.70677
wea754,austin,2019-04-30 03:00:00,8.05,8.05,8.05,overcast clouds,1029.19,40,100,2.25937
wea755,austin,2019-04-30 06:00:00,7.45,7.45,7.45,overcast clouds,1029.05,43,100,2.63966
wea756,austin,2019-04-30 09:00:00,5.75,5.75,5.75,overcast clouds,1027.86,57,100,2.72914
wea757,austin,2019-04-30 12:00:00,7.51,7.51,7.51,overcast clouds,1027.06,59,99,5.033250000000001
wea758,austin,2019-04-30 15:00:00,6.05,6.05,6.05,light rain,1024.39,89,100,5.70435
wea759,austin,2019-04-30 18:00:00,9.64,9.64,9.64,light rain,1021.01,91,100,7.33736
wea760,austin,2019-04-30 21:00:00,13.06,13.06,13.06,light rain,1019.25,91,100,1.96856
wea761,natchez,2019-04-26 00:00:00,7.18,7.18,12.12,broken clouds,1014.08,62,65,4.54111
wea762,natchez,2019-04-26 03:00:00,5.23,5.23,8.93,broken clouds,1014.93,75,57,5.32406
wea763,natchez,2019-04-26 06:00:00,4.72,4.72,7.19,broken clouds,1014.25,80,71,4.004230000000001
wea764,natchez,2019-04-26 09:00:00,6.62,6.62,7.85,overcast clouds,1012.97,79,93,3.28839
wea765,natchez,2019-04-26 12:00:00,7.95,7.95,7.95,light rain,1011.94,91,97,5.72672
wea766,natchez,2019-04-26 15:00:00,8.62,8.62,8.62,moderate rain,1009.2,92,100,9.48488
wea767,natchez,2019-04-26 18:00:00,10.05,10.05,10.05,light rain,1005.8,94,100,8.187420000000001
wea768,natchez,2019-04-26 21:00:00,11.25,11.25,11.25,light rain,1001.99,95,100,7.270250000000001
wea769,natchez,2019-04-27 00:00:00,13.79,13.79,13.79,light rain,998.42,98,100,7.00181
wea770,natchez,2019-04-27 03:00:00,15.65,15.65,15.65,light rain,993.89,93,100,11.11789
wea771,natchez,2019-04-27 06:00:00,14.86,14.86,14.86,light rain,991.11,95,100,7.762390000000001
wea772,natchez,2019-04-27 09:00:00,10.55,10.55,10.55,light rain,990.0,89,100,8.07557
wea773,natchez,2019-04-27 12:00:00,10.05,10.05,10.05,overcast clouds,990.02,85,100,8.43349
wea774,natchez,2019-04-27 15:00:00,12.66,12.66,12.66,light rain,992.42,62,88,12.392980000000001
wea775,natchez,2019-04-27 18:00:00,12.86,12.86,12.86,light rain,993.85,57,92,11.654770000000001
wea776,natchez,2019-04-27 21:00:00,12.37,12.37,12.37,light rain,995.66,52,92,12.840380000000001
wea777,natchez,2019-04-28 00:00:00,7.03,7.03,7.03,light rain,999.77,64,86,8.59008
wea778,natchez,2019-04-28 03:00:00,5.55,5.55,5.55,broken clouds,1003.01,66,77,9.73095
wea779,natchez,2019-04-28 06:00:00,5.71,5.71,5.71,broken clouds,1005.01,70,66,10.20072
wea780,natchez,2019-04-28 09:00:00,4.81,4.81,4.81,few clouds,1007.12,72,24,9.05985
wea781,natchez,2019-04-28 12:00:00,7.05,7.05,7.05,few clouds,1009.36,59,12,9.08222
wea782,natchez,2019-04-28 15:00:00,12.48,12.48,12.48,clear sky,1010.52,43,0,7.807130000000001
wea783,natchez,2019-04-28 18:00:00,10.55,10.55,10.55,light rain,1011.18,59,50,9.194070000000002
wea784,natchez,2019-04-28 21:00:00,11.58,11.58,11.58,overcast clouds,1010.77,55,87,7.04655
wea785,natchez,2019-04-29 00:00:00,6.58,6.58,6.58,light rain,1014.2,85,91,7.538690000000001
wea786,natchez,2019-04-29 03:00:00,4.21,4.21,4.21,light rain,1018.56,77,98,11.36396
wea787,natchez,2019-04-29 06:00:00,1.87,1.87,1.87,scattered clouds,1021.71,75,49,9.64147
wea788,natchez,2019-04-29 09:00:00,0.15,0.15,0.15,clear sky,1024.83,75,0,6.35308
wea789,natchez,2019-04-29 12:00:00,3.44,3.44,3.44,clear sky,1028.55,51,0,11.610030000000002
wea790,natchez,2019-04-29 15:00:00,9.25,9.25,9.25,clear sky,1028.65,28,0,10.334940000000001
wea791,natchez,2019-04-29 18:00:00,13.26,13.26,13.26,few clouds,1027.52,23,21,9.26118
wea792,natchez,2019-04-29 21:00:00,13.65,13.65,13.65,overcast clouds,1027.5,26,100,7.51632
wea793,natchez,2019-04-30 00:00:00,9.03,9.03,9.03,overcast clouds,1028.66,39,100,2.70677
wea794,natchez,2019-04-30 03:00:00,8.05,8.05,8.05,overcast clouds,1029.19,40,100,2.25937
wea795,natchez,2019-04-30 06:00:00,7.45,7.45,7.45,overcast clouds,1029.05,43,100,2.63966
wea796,natchez,2019-04-30 09:00:00,5.75,5.75,5.75,overcast clouds,1027.86,57,100,2.72914
wea797,natchez,2019-04-30 12:00:00,7.51,7.51,7.51,overcast clouds,1027.06,59,99,5.033250000000001
wea798,natchez,2019-04-30 15:00:00,6.05,6.05,6.05,light rain,1024.39,89,100,5.70435
wea799,natchez,2019-04-30 18:00:00,9.64,9.64,9.64,light rain,1021.01,91,100,7.33736
wea800,natchez,2019-04-30 21:00:00,13.06,13.06,13.06,light rain,1019.25,91,100,1.96856
wea801,anchorage,2019-04-26 00:00:00,7.2,7.2,12.12,broken clouds,1014.08,62,65,4.54111
wea802,anchorage,2019-04-26 03:00:00,5.24,5.24,8.93,broken clouds,1014.93,75,57,5.32406
wea803,anchorage,2019-04-26 06:00:00,4.73,4.73,7.19,broken clouds,1014.25,80,71,4.004230000000001
wea804,anchorage,2019-04-26 09:00:00,6.62,6.62,7.85,overcast clouds,1012.97,79,93,3.28839
wea805,anchorage,2019-04-26 12:00:00,7.95,7.95,7.95,light rain,1011.94,91,97,5.72672
wea806,anchorage,2019-04-26 15:00:00,8.62,8.62,8.62,moderate rain,1009.2,92,100,9.48488
wea807,anchorage,2019-04-26 18:00:00,10.05,10.05,10.05,light rain,1005.8,94,100,8.187420000000001
wea808,anchorage,2019-04-26 21:00:00,11.25,11.25,11.25,light rain,1001.99,95,100,7.270250000000001
wea809,anchorage,2019-04-27 00:00:00,13.79,13.79,13.79,light rain,998.42,98,100,7.00181
wea810,anchorage,2019-04-27 03:00:00,15.65,15.65,15.65,light rain,993.89,93,100,11.11789
wea811,anchorage,2019-04-27 06:00:00,14.86,14.86,14.86,light rain,991.11,95,100,7.762390000000001
wea812,anchorage,2019-04-27 09:00:00,10.55,10.55,10.55,light rain,990.0,89,100,8.07557
wea813,anchorage,2019-04-27 12:00:00,10.05,10.05,10.05,overcast clouds,990.02,85,100,8.43349
wea814,anchorage,2019-04-27 15:00:00,12.66,12.66,12.66,light rain,992.42,62,88,12.392980000000001
wea815,anchorage,2019-04-27 18:00:00,12.86,12.86,12.86,light rain,993.85,57,92,11.654770000000001
wea816,anchorage,2019-04-27 21:00:00,12.37,12.37,12.37,light rain,995.66,52,92,12.840380000000001
wea817,anchorage,2019-04-28 00:00:00,7.03,7.03,7.03,light rain,999.77,64,86,8.59008
wea818,anchorage,2019-04-28 03:00:00,5.55,5.55,5.55,broken clouds,1003.01,66,77,9.73095
wea819,anchorage,2019-04-28 06:00:00,5.71,5.71,5.71,broken clouds,1005.01,70,66,10.20072
wea820,anchorage,2019-04-28 09:00:00,4.81,4.81,4.81,few clouds,1007.12,72,24,9.05985
wea821,anchorage,2019-04-28 12:00:00,7.05,7.05,7.05,few clouds,1009.36,59,12,9.08222
wea822,anchorage,2019-04-28 15:00:00,12.48,12.48,12.48,clear sky,1010.52,43,0,7.807130000000001
wea823,anchorage,2019-04-28 18:00:00,10.55,10.55,10.55,light rain,1011.18,59,50,9.194070000000002
wea824,anchorage,2019-04-28 21:00:00,11.58,11.58,11.58,overcast clouds,1010.77,55,87,7.04655
wea825,anchorage,2019-04-29 00:00:00,6.58,6.58,6.58,light rain,1014.2,85,91,7.538690000000001
wea826,anchorage,2019-04-29 03:00:00,4.21,4.21,4.21,light rain,1018.56,77,98,11.36396
wea827,anchorage,2019-04-29 06:00:00,1.87,1.87,1.87,scattered clouds,1021.71,75,49,9.64147
wea828,anchorage,2019-04-29 09:00:00,0.15,0.15,0.15,clear sky,1024.83,75,0,6.35308
wea829,anchorage,2019-04-29 12:00:00,3.44,3.44,3.44,clear sky,1028.55,51,0,11.610030000000002
wea830,anchorage,2019-04-29 15:00:00,9.25,9.25,9.25,clear sky,1028.65,28,0,10.334940000000001
wea831,anchorage,2019-04-29 18:00:00,13.26,13.26,13.26,few clouds,1027.52,23,21,9.26118
wea832,anchorage,2019-04-29 21:00:00,13.65,13.65,13.65,overcast clouds,1027.5,26,100,7.51632
wea833,anchorage,2019-04-30 00:00:00,9.03,9.03,9.03,overcast clouds,1028.66,39,100,2.70677
wea834,anchorage,2019-04-30 03:00:00,8.05,8.05,8.05,overcast clouds,1029.19,40,100,2.25937
wea835,anchorage,2019-04-30 06:00:00,7.45,7.45,7.45,overcast clouds,1029.05,43,100,2.63966
wea836,anchorage,2019-04-30 09:00:00,5.75,5.75,5.75,overcast clouds,1027.86,57,100,2.72914
wea837,anchorage,2019-04-30 12:00:00,7.51,7.51,7.51,overcast clouds,1027.06,59,99,5.033250000000001
wea838,anchorage,2019-04-30 15:00:00,6.05,6.05,6.05,light rain,1024.39,89,100,5.70435
wea839,anchorage,2019-04-30 18:00:00,9.64,9.64,9.64,light rain,1021.01,91,100,7.33736
wea840,anchorage,2019-04-30 21:00:00,13.06,13.06,13.06,light rain,1019.25,91,100,1.96856
wea841,barharbor,2019-04-26 00:00:00,7.18,7.18,12.12,broken clouds,1014.08,62,65,4.54111
wea842,barharbor,2019-04-26 03:00:00,5.23,5.23,8.93,broken clouds,1014.93,75,57,5.32406
wea843,barharbor,2019-04-26 06:00:00,4.72,4.72,7.19,broken clouds,1014.25,80,71,4.004230000000001
wea844,barharbor,2019-04-26 09:00:00,6.62,6.62,7.85,overcast clouds,1012.97,79,93,3.28839
wea845,barharbor,2019-04-26 12:00:00,7.95,7.95,7.95,light rain,1011.94,91,97,5.72672
wea846,barharbor,2019-04-26 15:00:00,8.62,8.62,8.62,moderate rain,1009.2,92,100,9.48488
wea847,barharbor,2019-04-26 18:00:00,10.05,10.05,10.05,light rain,1005.8,94,100,8.187420000000001
wea848,barharbor,2019-04-26 21:00:00,11.25,11.25,11.25,light rain,1001.99,95,100,7.270250000000001
wea849,barharbor,2019-04-27 00:00:00,13.79,13.79,13.79,light rain,998.42,98,100,7.00181
wea850,barharbor,2019-04-27 03:00:00,15.65,15.65,15.65,light rain,993.89,93,100,11.11789
wea851,barharbor,2019-04-27 06:00:00,14.86,14.86,14.86,light rain,991.11,95,100,7.762390000000001
wea852,barharbor,2019-04-27 09:00:00,10.55,10.55,10.55,light rain,990.0,89,100,8.07557
wea853,barharbor,2019-04-27 12:00:00,10.05,10.05,10.05,overcast clouds,990.02,85,100,8.43349
wea854,barharbor,2019-04-27 15:00:00,12.66,12.66,12.66,light rain,992.42,62,88,12.392980000000001
wea855,barharbor,2019-04-27 18:00:00,12.86,12.86,12.86,light rain,993.85,57,92,11.654770000000001
wea856,barharbor,2019-04-27 21:00:00,12.37,12.37,12.37,light rain,995.66,52,92,12.840380000000001
wea857,barharbor,2019-04-28 00:00:00,7.03,7.03,7.03,light rain,999.77,64,86,8.59008
wea858,barharbor,2019-04-28 03:00:00,5.55,5.55,5.55,broken clouds,1003.01,66,77,9.73095
wea859,barharbor,2019-04-28 06:00:00,5.71,5.71,5.71,broken clouds,1005.01,70,66,10.20072
wea860,barharbor,2019-04-28 09:00:00,4.81,4.81,4.81,few clouds,1007.12,72,24,9.05985
wea861,barharbor,2019-04-28 12:00:00,7.05,7.05,7.05,few clouds,1009.36,59,12,9.08222
wea862,barharbor,2019-04-28 15:00:00,12.48,12.48,12.48,clear sky,1010.52,43,0,7.807130000000001
wea863,barharbor,2019-04-28 18:00:00,10.55,10.55,10.55,light rain,1011.18,59,50,9.194070000000002
wea864,barharbor,2019-04-28 21:00:00,11.58,11.58,11.58,overcast clouds,1010.77,55,87,7.04655
wea865,barharbor,2019-04-29 00:00:00,6.58,6.58,6.58,light rain,1014.2,85,91,7.538690000000001
wea866,barharbor,2019-04-29 03:00:00,4.21,4.21,4.21,light rain,1018.56,77,98,11.36396
wea867,barharbor,2019-04-29 06:00:00,1.87,1.87,1.87,scattered clouds,1021.71,75,49,9.64147
wea868,barharbor,2019-04-29 09:00:00,0.15,0.15,0.15,clear sky,1024.83,75,0,6.35308
wea869,barharbor,2019-04-29 12:00:00,3.44,3.44,3.44,clear sky,1028.55,51,0,11.610030000000002
wea870,barharbor,2019-04-29 15:00:00,9.25,9.25,9.25,clear sky,1028.65,28,0,10.334940000000001
wea871,barharbor,2019-04-29 18:00:00,13.26,13.26,13.26,few clouds,1027.52,23,21,9.26118
wea872,barharbor,2019-04-29 21:00:00,13.65,13.65,13.65,overcast clouds,1027.5,26,100,7.51632
wea873,barharbor,2019-04-30 00:00:00,9.03,9.03,9.03,overcast clouds,1028.66,39,100,2.70677
wea874,barharbor,2019-04-30 03:00:00,8.05,8.05,8.05,overcast clouds,1029.19,40,100,2.25937
wea875,barharbor,2019-04-30 06:00:00,7.45,7.45,7.45,overcast clouds,1029.05,43,100,2.63966
wea876,barharbor,2019-04-30 09:00:00,5.75,5.75,5.75,overcast clouds,1027.86,57,100,2.72914
wea877,barharbor,2019-04-30 12:00:00,7.51,7.51,7.51,overcast clouds,1027.06,59,99,5.033250000000001
wea878,barharbor,2019-04-30 15:00:00,6.05,6.05,6.05,light rain,1024.39,89,100,5.70435
wea879,barharbor,2019-04-30 18:00:00,9.64,9.64,9.64,light rain,1021.01,91,100,7.33736
wea880,barharbor,2019-04-30 21:00:00,13.06,13.06,13.06,light rain,1019.25,91,100,1.96856
wea881,sanfransisco,2019-04-26 00:00:00,7.2,7.2,12.12,broken clouds,1014.08,62,65,4.54111
wea882,sanfransisco,2019-04-26 03:00:00,5.24,5.24,8.93,broken clouds,1014.93,75,57,5.32406
wea883,sanfransisco,2019-04-26 06:00:00,4.73,4.73,7.19,broken clouds,1014.25,80,71,4.004230000000001
wea884,sanfransisco,2019-04-26 09:00:00,6.62,6.62,7.85,overcast clouds,1012.97,79,93,3.28839
wea885,sanfransisco,2019-04-26 12:00:00,7.95,7.95,7.95,light rain,1011.94,91,97,5.72672
wea886,sanfransisco,2019-04-26 15:00:00,8.62,8.62,8.62,moderate rain,1009.2,92,100,9.48488
wea887,sanfransisco,2019-04-26 18:00:00,10.05,10.05,10.05,light rain,1005.8,94,100,8.187420000000001
wea888,sanfransisco,2019-04-26 21:00:00,11.25,11.25,11.25,light rain,1001.99,95,100,7.270250000000001
wea889,sanfransisco,2019-04-27 00:00:00,13.79,13.79,13.79,light rain,998.42,98,100,7.00181
wea890,sanfransisco,2019-04-27 03:00:00,15.65,15.65,15.65,light rain,993.89,93,100,11.11789
wea891,sanfransisco,2019-04-27 06:00:00,14.86,14.86,14.86,light rain,991.11,95,100,7.762390000000001
wea892,sanfransisco,2019-04-27 09:00:00,10.55,10.55,10.55,light rain,990.0,89,100,8.07557
wea893,sanfransisco,2019-04-27 12:00:00,10.05,10.05,10.05,overcast clouds,990.02,85,100,8.43349
wea894,sanfransisco,2019-04-27 15:00:00,12.66,12.66,12.66,light rain,992.42,62,88,12.392980000000001
wea895,sanfransisco,2019-04-27 18:00:00,12.86,12.86,12.86,light rain,993.85,57,92,11.654770000000001
wea896,sanfransisco,2019-04-27 21:00:00,12.37,12.37,12.37,light rain,995.66,52,92,12.840380000000001
wea897,sanfransisco,2019-04-28 00:00:00,7.03,7.03,7.03,light rain,999.77,64,86,8.59008
wea898,sanfransisco,2019-04-28 03:00:00,5.55,5.55,5.55,broken clouds,1003.01,66,77,9.73095
wea899,sanfransisco,2019-04-28 06:00:00,5.71,5.71,5.71,broken clouds,1005.01,70,66,10.20072
wea900,sanfransisco,2019-04-28 09:00:00,4.81,4.81,4.81,few clouds,1007.12,72,24,9.05985
wea901,sanfransisco,2019-04-28 12:00:00,7.05,7.05,7.05,few clouds,1009.36,59,12,9.08222
wea902,sanfransisco,2019-04-28 15:00:00,12.48,12.48,12.48,clear sky,1010.52,43,0,7.807130000000001
wea903,sanfransisco,2019-04-28 18:00:00,10.55,10.55,10.55,light rain,1011.18,59,50,9.194070000000002
wea904,sanfransisco,2019-04-28 21:00:00,11.58,11.58,11.58,overcast clouds,1010.77,55,87,7.04655
wea905,sanfransisco,2019-04-29 00:00:00,6.58,6.58,6.58,light rain,1014.2,85,91,7.538690000000001
wea906,sanfransisco,2019-04-29 03:00:00,4.21,4.21,4.21,light rain,1018.56,77,98,11.36396
wea907,sanfransisco,2019-04-29 06:00:00,1.87,1.87,1.87,scattered clouds,1021.71,75,49,9.64147
wea908,sanfransisco,2019-04-29 09:00:00,0.15,0.15,0.15,clear sky,1024.83,75,0,6.35308
wea909,sanfransisco,2019-04-29 12:00:00,3.44,3.44,3.44,clear sky,1028.55,51,0,11.610030000000002
wea910,sanfransisco,2019-04-29 15:00:00,9.25,9.25,9.25,clear sky,1028.65,28,0,10.334940000000001
wea911,sanfransisco,2019-04-29 18:00:00,13.26,13.26,13.26,few clouds,1027.52,23,21,9.26118
wea912,sanfransisco,2019-04-29 21:00:00,13.65,13.65,13.65,overcast clouds,1027.5,26,100,7.51632
wea913,sanfransisco,2019-04-30 00:00:00,9.03,9.03,9.03,overcast clouds,1028.66,39,100,2.70677
wea914,sanfransisco,2019-04-30 03:00:00,8.05,8.05,8.05,overcast clouds,1029.19,40,100,2.25937
wea915,sanfransisco,2019-04-30 06:00:00,7.45,7.45,7.45,overcast clouds,1029.05,43,100,2.63966
wea916,sanfransisco,2019-04-30 09:00:00,5.75,5.75,5.75,overcast clouds,1027.86,57,100,2.72914
wea917,sanfransisco,2019-04-30 12:00:00,7.51,7.51,7.51,overcast clouds,1027.06,59,99,5.033250000000001
wea918,sanfransisco,2019-04-30 15:00:00,6.05,6.05,6.05,light rain,1024.39,89,100,5.70435
wea919,sanfransisco,2019-04-30 18:00:00,9.64,9.64,9.64,light rain,1021.01,91,100,7.33736
wea920,sanfransisco,2019-04-30 21:00:00,13.06,13.06,13.06,light rain,1019.25,91,100,1.96856
wea921,sanantonio,2019-04-26 00:00:00,7.2,7.2,12.12,broken clouds,1014.08,62,65,4.54111
wea922,sanantonio,2019-04-26 03:00:00,5.24,5.24,8.93,broken clouds,1014.93,75,57,5.32406
wea923,sanantonio,2019-04-26 06:00:00,4.73,4.73,7.19,broken clouds,1014.25,80,71,4.004230000000001
wea924,sanantonio,2019-04-26 09:00:00,6.62,6.62,7.85,overcast clouds,1012.97,79,93,3.28839
wea925,sanantonio,2019-04-26 12:00:00,7.95,7.95,7.95,light rain,1011.94,91,97,5.72672
wea926,sanantonio,2019-04-26 15:00:00,8.62,8.62,8.62,moderate rain,1009.2,92,100,9.48488
wea927,sanantonio,2019-04-26 18:00:00,10.05,10.05,10.05,light rain,1005.8,94,100,8.187420000000001
wea928,sanantonio,2019-04-26 21:00:00,11.25,11.25,11.25,light rain,1001.99,95,100,7.270250000000001
wea929,sanantonio,2019-04-27 00:00:00,13.79,13.79,13.79,light rain,998.42,98,100,7.00181
wea930,sanantonio,2019-04-27 03:00:00,15.65,15.65,15.65,light rain,993.89,93,100,11.11789
wea931,sanantonio,2019-04-27 06:00:00,14.86,14.86,14.86,light rain,991.11,95,100,7.762390000000001
wea932,sanantonio,2019-04-27 09:00:00,10.55,10.55,10.55,light rain,990.0,89,100,8.07557
wea933,sanantonio,2019-04-27 12:00:00,10.05,10.05,10.05,overcast clouds,990.02,85,100,8.43349
wea934,sanantonio,2019-04-27 15:00:00,12.66,12.66,12.66,light rain,992.42,62,88,12.392980000000001
wea935,sanantonio,2019-04-27 18:00:00,12.86,12.86,12.86,light rain,993.85,57,92,11.654770000000001
wea936,sanantonio,2019-04-27 21:00:00,12.37,12.37,12.37,light rain,995.66,52,92,12.840380000000001
wea937,sanantonio,2019-04-28 00:00:00,7.03,7.03,7.03,light rain,999.77,64,86,8.59008
wea938,sanantonio,2019-04-28 03:00:00,5.55,5.55,5.55,broken clouds,1003.01,66,77,9.73095
wea939,sanantonio,2019-04-28 06:00:00,5.71,5.71,5.71,broken clouds,1005.01,70,66,10.20072
wea940,sanantonio,2019-04-28 09:00:00,4.81,4.81,4.81,few clouds,1007.12,72,24,9.05985
wea941,sanantonio,2019-04-28 12:00:00,7.05,7.05,7.05,few clouds,1009.36,59,12,9.08222
wea942,sanantonio,2019-04-28 15:00:00,12.48,12.48,12.48,clear sky,1010.52,43,0,7.807130000000001
wea943,sanantonio,2019-04-28 18:00:00,10.55,10.55,10.55,light rain,1011.18,59,50,9.194070000000002
wea944,sanantonio,2019-04-28 21:00:00,11.58,11.58,11.58,overcast clouds,1010.77,55,87,7.04655
wea945,sanantonio,2019-04-29 00:00:00,6.58,6.58,6.58,light rain,1014.2,85,91,7.538690000000001
wea946,sanantonio,2019-04-29 03:00:00,4.21,4.21,4.21,light rain,1018.56,77,98,11.36396
wea947,sanantonio,2019-04-29 06:00:00,1.87,1.87,1.87,scattered clouds,1021.71,75,49,9.64147
wea948,sanantonio,2019-04-29 09:00:00,0.15,0.15,0.15,clear sky,1024.83,75,0,6.35308
wea949,sanantonio,2019-04-29 12:00:00,3.44,3.44,3.44,clear sky,1028.55,51,0,11.610030000000002
wea950,sanantonio,2019-04-29 15:00:00,9.25,9.25,9.25,clear sky,1028.65,28,0,10.334940000000001
wea951,sanantonio,2019-04-29 18:00:00,13.26,13.26,13.26,few clouds,1027.52,23,21,9.26118
wea952,sanantonio,2019-04-29 21:00:00,13.65,13.65,13.65,overcast clouds,1027.5,26,100,7.51632
wea953,sanantonio,2019-04-30 00:00:00,9.03,9.03,9.03,overcast clouds,1028.66,39,100,2.70677
wea954,sanantonio,2019-04-30 03:00:00,8.05,8.05,8.05,overcast clouds,1029.19,40,100,2.25937
wea955,sanantonio,2019-04-30 06:00:00,7.45,7.45,7.45,overcast clouds,1029.05,43,100,2.63966
wea956,sanantonio,2019-04-30 09:00:00,5.75,5.75,5.75,overcast clouds,1027.86,57,100,2.72914
wea957,sanantonio,2019-04-30 12:00:00,7.51,7.51,7.51,overcast clouds,1027.06,59,99,5.033250000000001
wea958,sanantonio,2019-04-30 15:00:00,6.05,6.05,6.05,light rain,1024.39,89,100,5.70435
wea959,sanantonio,2019-04-30 18:00:00,9.64,9.64,9.64,light rain,1021.01,91,100,7.33736
wea960,sanantonio,2019-04-30 21:00:00,13.06,13.06,13.06,light rain,1019.25,91,100,1.96856
wea961,orlando,2019-04-26 00:00:00,7.18,7.18,12.12,broken clouds,1014.08,62,65,4.54111
wea962,orlando,2019-04-26 03:00:00,5.23,5.23,8.93,broken clouds,1014.93,75,57,5.32406
wea963,orlando,2019-04-26 06:00:00,4.72,4.72,7.19,broken clouds,1014.25,80,71,4.004230000000001
wea964,orlando,2019-04-26 09:00:00,6.62,6.62,7.85,overcast clouds,1012.97,79,93,3.28839
wea965,orlando,2019-04-26 12:00:00,7.95,7.95,7.95,light rain,1011.94,91,97,5.72672
wea966,orlando,2019-04-26 15:00:00,8.62,8.62,8.62,moderate rain,1009.2,92,100,9.48488
wea967,orlando,2019-04-26 18:00:00,10.05,10.05,10.05,light rain,1005.8,94,100,8.187420000000001
wea968,orlando,2019-04-26 21:00:00,11.25,11.25,11.25,light rain,1001.99,95,100,7.270250000000001
wea969,orlando,2019-04-27 00:00:00,13.79,13.79,13.79,light rain,998.42,98,100,7.00181
wea970,orlando,2019-04-27 03:00:00,15.65,15.65,15.65,light rain,993.89,93,100,11.11789
wea971,orlando,2019-04-27 06:00:00,14.86,14.86,14.86,light rain,991.11,95,100,7.762390000000001
wea972,orlando,2019-04-27 09:00:00,10.55,10.55,10.55,light rain,990.0,89,100,8.07557
wea973,orlando,2019-04-27 12:00:00,10.05,10.05,10.05,overcast clouds,990.02,85,100,8.43349
wea974,orlando,2019-04-27 15:00:00,12.66,12.66,12.66,light rain,992.42,62,88,12.392980000000001
wea975,orlando,2019-04-27 18:00:00,12.86,12.86,12.86,light rain,993.85,57,92,11.654770000000001
wea976,orlando,2019-04-27 21:00:00,12.37,12.37,12.37,light rain,995.66,52,92,12.840380000000001
wea977,orlando,2019-04-28 00:00:00,7.03,7.03,7.03,light rain,999.77,64,86,8.59008
wea978,orlando,2019-04-28 03:00:00,5.55,5.55,5.55,broken clouds,1003.01,66,77,9.73095
wea979,orlando,2019-04-28 06:00:00,5.71,5.71,5.71,broken clouds,1005.01,70,66,10.20072
wea980,orlando,2019-04-28 09:00:00,4.81,4.81,4.81,few clouds,1007.12,72,24,9.05985
wea981,orlando,2019-04-28 12:00:00,7.05,7.05,7.05,few clouds,1009.36,59,12,9.08222
wea982,orlando,2019-04-28 15:00:00,12.48,12.48,12.48,clear sky,1010.52,43,0,7.807130000000001
wea983,orlando,2019-04-28 18:00:00,10.55,10.55,10.55,light rain,1011.18,59,50,9.194070000000002
wea984,orlando,2019-04-28 21:00:00,11.58,11.58,11.58,overcast clouds,1010.77,55,87,7.04655
wea985,orlando,2019-04-29 00:00:00,6.58,6.58,6.58,light rain,1014.2,85,91,7.538690000000001
wea986,orlando,2019-04-29 03:00:00,4.21,4.21,4.21,light rain,1018.56,77,98,11.36396
wea987,orlando,2019-04-29 06:00:00,1.87,1.87,1.87,scattered clouds,1021.71,75,49,9.64147
wea988,orlando,2019-04-29 09:00:00,0.15,0.15,0.15,clear sky,1024.83,75,0,6.35308
wea989,orlando,2019-04-29 12:00:00,3.44,3.44,3.44,clear sky,1028.55,51,0,11.610030000000002
wea990,orlando,2019-04-29 15:00:00,9.25,9.25,9.25,clear sky,1028.65,28,0,10.334940000000001
wea991,orlando,2019-04-29 18:00:00,13.26,13.26,13.26,few clouds,1027.52,23,21,9.26118
wea992,orlando,2019-04-29 21:00:00,13.65,13.65,13.65,overcast clouds,1027.5,26,100,7.51632
wea993,orlando,2019-04-30 00:00:00,9.03,9.03,9.03,overcast clouds,1028.66,39,100,2.70677
wea994,orlando,2019-04-30 03:00:00,8.05,8.05,8.05,overcast clouds,1029.19,40,100,2.25937
wea995,orlando,2019-04-30 06:00:00,7.45,7.45,7.45,overcast clouds,1029.05,43,100,2.63966
wea996,orlando,2019-04-30 09:00:00,5.75,5.75,5.75,overcast clouds,1027.86,57,100,2.72914
wea997,orlando,2019-04-30 12:00:00,7.51,7.51,7.51,overcast clouds,1027.06,59,99,5.033250000000001
wea998,orlando,2019-04-30 15:00:00,6.05,6.05,6.05,light rain,1024.39,89,100,5.70435
wea999,orlando,2019-04-30 18:00:00,9.64,9.64,9.64,light rain,1021.01,91,100,7.33736
wea1000,orlando,2019-04-30 21:00:00,13.06,13.06,13.06,light rain,1019.25,91,100,1.96856
